view,repeat,seed,learning_rate,epoch,accuracy,val_accuracy,loss,val_loss
axial,1,12345,0.0005,1,0.4910096824169159,0.8176795840263367,0.7029109597206116,0.6530330777168274
axial,1,12345,0.0005,2,0.5753803849220276,0.8121547102928162,0.6890767216682434,0.636116623878479
axial,1,12345,0.0005,3,0.6376210451126099,0.6961326003074646,0.6701242923736572,0.6444332003593445
axial,1,12345,0.0005,4,0.6735823154449463,0.7292817831039429,0.6284690499305725,0.58161860704422
axial,1,12345,0.0005,5,0.7192254662513733,0.6906077265739441,0.5801421403884888,0.5966122150421143
axial,1,12345,0.0005,6,0.7399723529815674,0.6906077265739441,0.5376898646354675,0.6127512454986572
axial,1,12345,0.0005,7,0.7676348686218262,0.7182320356369019,0.4982019066810608,0.5825842618942261
axial,1,12345,0.0005,8,0.7842323780059814,0.7348066568374634,0.47544562816619873,0.5599657893180847
axial,2,12346,0.0005,1,0.374827116727829,0.23204420506954193,0.6997995376586914,0.7018405795097351
axial,2,12346,0.0005,2,0.4730290472507477,0.28729280829429626,0.6836033463478088,0.731526255607605
axial,2,12346,0.0005,3,0.6196404099464417,0.5082873106002808,0.6527485251426697,0.7025145292282104
axial,2,12346,0.0005,4,0.7012448310852051,0.6629834175109863,0.5789490938186646,0.6303091049194336
axial,2,12346,0.0005,5,0.7109267115592957,0.7127071619033813,0.5433486104011536,0.5888774991035461
axial,2,12346,0.0005,6,0.7731673717498779,0.7182320356369019,0.49876919388771057,0.5991033911705017
axial,2,12346,0.0005,7,0.7676348686218262,0.6795580387115479,0.4696047008037567,0.6464053988456726
axial,2,12346,0.0005,8,0.7759336233139038,0.7016574740409851,0.45652052760124207,0.6063016653060913
axial,3,12347,0.0005,1,0.56708163022995,0.2983425557613373,0.6977354884147644,0.7102231979370117
axial,3,12347,0.0005,2,0.5836791396141052,0.7569060921669006,0.6717545986175537,0.6290143132209778
axial,3,12347,0.0005,3,0.7316735982894897,0.5966851115226746,0.6035077571868896,0.669804036617279
axial,3,12347,0.0005,4,0.7455048561096191,0.6408839821815491,0.5344530940055847,0.670095682144165
axial,3,12347,0.0005,5,0.7579529881477356,0.6906077265739441,0.4985552430152893,0.5863989591598511
axial,3,12347,0.0005,6,0.7593361139297485,0.7955800890922546,0.49248191714286804,0.42332923412323
axial,3,12347,0.0005,7,0.7994467616081238,0.8011049628257751,0.42458638548851013,0.3986431956291199
axial,3,12347,0.0005,8,0.8367911577224731,0.7900552749633789,0.37502238154411316,0.4338436722755432
axial,4,12348,0.0005,1,0.41217151284217834,0.8176795840263367,0.6950634717941284,0.6495753526687622
axial,4,12348,0.0005,2,0.6210235357284546,0.7734806537628174,0.6747403144836426,0.6332252025604248
axial,4,12348,0.0005,3,0.6307054162025452,0.6906077265739441,0.6381736993789673,0.6169163584709167
axial,4,12348,0.0005,4,0.6957123279571533,0.8011049628257751,0.5595686435699463,0.45733076333999634
axial,4,12348,0.0005,5,0.7565698623657227,0.8066298365592957,0.5105293393135071,0.470196932554245
axial,4,12348,0.0005,6,0.7800830006599426,0.7955800890922546,0.4706231355667114,0.4696962833404541
axial,4,12348,0.0005,7,0.7980636358261108,0.8176795840263367,0.4435897469520569,0.4559706449508667
axial,4,12348,0.0005,8,0.816044270992279,0.7679557800292969,0.40767765045166016,0.49135664105415344
axial,5,12349,0.0005,1,0.35961273312568665,0.18784530460834503,0.6999980807304382,0.7087693214416504
axial,5,12349,0.0005,2,0.5311203598976135,0.8176795840263367,0.6794183850288391,0.6286719441413879
axial,5,12349,0.0005,3,0.6708160638809204,0.7513812184333801,0.6432753205299377,0.5728720426559448
axial,5,12349,0.0005,4,0.6984785795211792,0.7734806537628174,0.5773856043815613,0.5056425333023071
axial,5,12349,0.0005,5,0.7399723529815674,0.7679557800292969,0.5388994216918945,0.49758094549179077
axial,5,12349,0.0005,6,0.7634854912757874,0.8232043981552124,0.4897654354572296,0.42469072341918945
axial,5,12349,0.0005,7,0.7828492522239685,0.8176795840263367,0.4625847637653351,0.4624663293361664
axial,5,12349,0.0005,8,0.8118948936462402,0.8397790193557739,0.4272633492946625,0.43704742193222046
axial,6,12350,0.0005,1,0.30290457606315613,0.4419889450073242,0.7086710333824158,0.6949265003204346
axial,6,12350,0.0005,2,0.7164592146873474,0.7237569093704224,0.6832520365715027,0.6595868468284607
axial,6,12350,0.0005,3,0.6970954537391663,0.7734806537628174,0.6620815396308899,0.601428210735321
axial,6,12350,0.0005,4,0.7095435857772827,0.7513812184333801,0.614556610584259,0.5476123094558716
axial,6,12350,0.0005,5,0.7053942084312439,0.7403314709663391,0.5746084451675415,0.5815055966377258
axial,6,12350,0.0005,6,0.7455048561096191,0.8176795840263367,0.5302785634994507,0.4593504071235657
axial,6,12350,0.0005,7,0.7773167490959167,0.8232043981552124,0.48687443137168884,0.41958677768707275
axial,6,12350,0.0005,8,0.7911480069160461,0.8176795840263367,0.4562336504459381,0.4116266071796417
axial,7,12351,0.0005,1,0.6279391646385193,0.33701658248901367,0.6997362971305847,0.6936460137367249
axial,7,12351,0.0005,2,0.7053942084312439,0.8066298365592957,0.6923407912254333,0.6869422793388367
axial,7,12351,0.0005,3,0.7745504975318909,0.7292817831039429,0.6912409663200378,0.684897780418396
axial,7,12351,0.0005,4,0.7869986295700073,0.8066298365592957,0.6859667301177979,0.6622594594955444
axial,7,12351,0.0005,5,0.8105117678642273,0.8232043981552124,0.6774062514305115,0.5929467678070068
axial,7,12351,0.0005,6,0.816044270992279,0.8287292718887329,0.652950644493103,0.5605257153511047
axial,7,12351,0.0005,7,0.8118948936462402,0.7900552749633789,0.6306012868881226,0.53582763671875
axial,7,12351,0.0005,8,0.7800830006599426,0.8453038930892944,0.6068196892738342,0.4637198746204376
axial,8,12352,0.0005,1,0.5767635107040405,0.7458563446998596,0.692622721195221,0.6601085662841797
axial,8,12352,0.0005,2,0.6680498123168945,0.4419889450073242,0.65789794921875,0.7313128113746643
axial,8,12352,0.0005,3,0.6970954537391663,0.49723756313323975,0.609742283821106,0.7206671237945557
axial,8,12352,0.0005,4,0.7372061014175415,0.541436493396759,0.5482662320137024,0.7415232062339783
axial,8,12352,0.0005,5,0.7676348686218262,0.5248618721961975,0.4969358742237091,0.8280913829803467
axial,8,12352,0.0005,6,0.7869986295700073,0.5524861812591553,0.46595484018325806,0.8154478073120117
axial,8,12352,0.0005,7,0.8022130131721497,0.5856353640556335,0.4377676546573639,0.80040043592453
axial,8,12352,0.0005,8,0.8118948936462402,0.6187845468521118,0.4157909154891968,0.7663454413414001
axial,9,12353,0.0005,1,0.5712310075759888,0.8066298365592957,0.6998141407966614,0.6753002405166626
axial,9,12353,0.0005,2,0.6929460763931274,0.4806629717350006,0.6761172413825989,0.7022466659545898
axial,9,12353,0.0005,3,0.634854793548584,0.45303866267204285,0.633248507976532,0.7734130620956421
axial,9,12353,0.0005,4,0.6721991896629333,0.6685082912445068,0.5717520117759705,0.578589141368866
axial,9,12353,0.0005,5,0.7358229756355286,0.7016574740409851,0.5307532548904419,0.5619126558303833
axial,9,12353,0.0005,6,0.770401120185852,0.6961326003074646,0.4773463010787964,0.5566540360450745
axial,9,12353,0.0005,7,0.7745504975318909,0.6740331649780273,0.4576280415058136,0.6035087704658508
axial,9,12353,0.0005,8,0.793914258480072,0.6850828528404236,0.4228873550891876,0.5723831653594971
axial,10,12354,0.0005,1,0.42600277066230774,0.6850828528404236,0.6982759833335876,0.6845277547836304
axial,10,12354,0.0005,2,0.5836791396141052,0.4364641010761261,0.6676914095878601,0.7334169745445251
axial,10,12354,0.0005,3,0.6320885419845581,0.6243094205856323,0.6286076903343201,0.6499558687210083
axial,10,12354,0.0005,4,0.6694329380989075,0.7348066568374634,0.5669108629226685,0.5075664520263672
axial,10,12354,0.0005,5,0.7441217303276062,0.7237569093704224,0.5016508102416992,0.5274240970611572
axial,10,12354,0.0005,6,0.7662517428398132,0.6298342347145081,0.49580973386764526,0.6606764197349548
axial,10,12354,0.0005,7,0.7814661264419556,0.6298342347145081,0.46122097969055176,0.6719722747802734
axial,10,12354,0.0005,8,0.7786998748779297,0.6298342347145081,0.45100319385528564,0.6834932565689087
axial,11,12355,0.0005,1,0.5186722278594971,0.7845304012298584,0.6972809433937073,0.6595426201820374
axial,11,12355,0.0005,2,0.6237897872924805,0.5082873106002808,0.6613247394561768,0.7198272347450256
axial,11,12355,0.0005,3,0.6874135732650757,0.6906077265739441,0.5942931175231934,0.5705685019493103
axial,11,12355,0.0005,4,0.7510373592376709,0.7679557800292969,0.5234596729278564,0.46761345863342285
axial,11,12355,0.0005,5,0.7800830006599426,0.7403314709663391,0.4834968149662018,0.5355061292648315
axial,11,12355,0.0005,6,0.8035961389541626,0.7403314709663391,0.42467403411865234,0.5391819477081299
axial,11,12355,0.0005,7,0.8257261514663696,0.7458563446998596,0.400442510843277,0.5453497767448425
axial,11,12355,0.0005,8,0.8340249061584473,0.7127071619033813,0.36515679955482483,0.6137815713882446
axial,12,12356,0.0005,1,0.6030429005622864,0.2154696136713028,0.6973063349723816,0.7060588002204895
axial,12,12356,0.0005,2,0.5573997497558594,0.519336998462677,0.6858506798744202,0.6828392148017883
axial,12,12356,0.0005,3,0.6887966990470886,0.6077347993850708,0.655819833278656,0.6517611145973206
axial,12,12356,0.0005,4,0.6832641959190369,0.6464088559150696,0.5786970853805542,0.6254688501358032
axial,12,12356,0.0005,5,0.6860304474830627,0.7292817831039429,0.5636000037193298,0.5296868681907654
axial,12,12356,0.0005,6,0.724757969379425,0.8011049628257751,0.5089794993400574,0.4624193012714386
axial,12,12356,0.0005,7,0.7358229756355286,0.8121547102928162,0.4900189936161041,0.44497770071029663
axial,12,12356,0.0005,8,0.7869986295700073,0.8176795840263367,0.4447171688079834,0.4402881860733032
axial,13,12357,0.0005,1,0.45366528630256653,0.6850828528404236,0.6950030326843262,0.6696730256080627
axial,13,12357,0.0005,2,0.6417704224586487,0.6961326003074646,0.6644375324249268,0.6309404969215393
axial,13,12357,0.0005,3,0.6652835607528687,0.7900552749633789,0.6159192323684692,0.5307043194770813
axial,13,12357,0.0005,4,0.7441217303276062,0.7900552749633789,0.5671653747558594,0.5071263313293457
axial,13,12357,0.0005,5,0.7676348686218262,0.7790055274963379,0.5070998072624207,0.4712170362472534
axial,13,12357,0.0005,6,0.7994467616081238,0.7403314709663391,0.45309916138648987,0.5022967457771301
axial,13,12357,0.0005,7,0.8063623905181885,0.7679557800292969,0.43064963817596436,0.4385906159877777
axial,13,12357,0.0005,8,0.817427396774292,0.7845304012298584,0.40529105067253113,0.42775946855545044
axial,14,12358,0.0005,1,0.6279391646385193,0.2983425557613373,0.6950350403785706,0.7107924818992615
axial,14,12358,0.0005,2,0.5795297622680664,0.5690608024597168,0.6647409200668335,0.6750755310058594
axial,14,12358,0.0005,3,0.680497944355011,0.7845304012298584,0.5979956984519958,0.5385967493057251
axial,14,12358,0.0005,4,0.7206085920333862,0.6574585437774658,0.5462883114814758,0.629621148109436
axial,14,12358,0.0005,5,0.7662517428398132,0.6298342347145081,0.500316858291626,0.6781266927719116
axial,14,12358,0.0005,6,0.7925311326980591,0.6906077265739441,0.45206546783447266,0.5525298714637756
axial,14,12358,0.0005,7,0.8063623905181885,0.6408839821815491,0.429385244846344,0.6939426064491272
axial,14,12358,0.0005,8,0.816044270992279,0.6629834175109863,0.39927974343299866,0.6152081489562988
axial,15,12359,0.0005,1,0.466113418340683,0.18232044577598572,0.6965173482894897,0.7076722979545593
axial,15,12359,0.0005,2,0.6141079068183899,0.8176795840263367,0.6861599087715149,0.5510034561157227
axial,15,12359,0.0005,3,0.6307054162025452,0.7955800890922546,0.6570597290992737,0.5096673965454102
axial,15,12359,0.0005,4,0.7192254662513733,0.8121547102928162,0.5909566283226013,0.45953133702278137
axial,15,12359,0.0005,5,0.7524204850196838,0.7900552749633789,0.5244408249855042,0.4436185359954834
axial,15,12359,0.0005,6,0.7897648811340332,0.7845304012298584,0.4842619299888611,0.45254477858543396
axial,15,12359,0.0005,7,0.8008298873901367,0.7790055274963379,0.4518493115901947,0.45327144861221313
axial,15,12359,0.0005,8,0.8146611452102661,0.7403314709663391,0.41871151328086853,0.5157859325408936
axial,16,12360,0.0005,1,0.5518672466278076,0.7900552749633789,0.6986122131347656,0.6785808801651001
axial,16,12360,0.0005,2,0.5408022403717041,0.18232044577598572,0.6683758497238159,0.8564439415931702
axial,16,12360,0.0005,3,0.612724781036377,0.36464089155197144,0.639788806438446,0.808723509311676
axial,16,12360,0.0005,4,0.6860304474830627,0.519336998462677,0.5905807018280029,0.7694405317306519
axial,16,12360,0.0005,5,0.7233748435974121,0.591160237789154,0.5516900420188904,0.672332227230072
axial,16,12360,0.0005,6,0.7344398498535156,0.6519337296485901,0.5114700794219971,0.639720618724823
axial,16,12360,0.0005,7,0.7621023654937744,0.6961326003074646,0.4678311049938202,0.5742319226264954
axial,16,12360,0.0005,8,0.7883817553520203,0.7182320356369019,0.4320504665374756,0.5813086032867432
axial,17,12361,0.0005,1,0.7441217303276062,0.7237569093704224,0.7007895708084106,0.6904945969581604
axial,17,12361,0.0005,2,0.7275242209434509,0.6685082912445068,0.6909900307655334,0.6864702105522156
axial,17,12361,0.0005,3,0.7385892271995544,0.7569060921669006,0.681221067905426,0.6404879689216614
axial,17,12361,0.0005,4,0.6846473217010498,0.7237569093704224,0.6642926931381226,0.6121277809143066
axial,17,12361,0.0005,5,0.6486860513687134,0.7403314709663391,0.633502185344696,0.5869209170341492
axial,17,12361,0.0005,6,0.6929460763931274,0.7348066568374634,0.6138986945152283,0.5405007004737854
axial,17,12361,0.0005,7,0.7358229756355286,0.7790055274963379,0.5636387467384338,0.512410044670105
axial,17,12361,0.0005,8,0.7123098373413086,0.7237569093704224,0.5654134154319763,0.5408447980880737
axial,18,12362,0.0005,1,0.5518672466278076,0.2928176820278168,0.69728684425354,0.7224135994911194
axial,18,12362,0.0005,2,0.6182572841644287,0.4475138187408447,0.6465370655059814,0.7781866192817688
axial,18,12362,0.0005,3,0.6818810701370239,0.7127071619033813,0.5869988799095154,0.5667248368263245
axial,18,12362,0.0005,4,0.7579529881477356,0.7071823477745056,0.5170343518257141,0.5563904047012329
axial,18,12362,0.0005,5,0.7662517428398132,0.6850828528404236,0.4875153601169586,0.5688278675079346
axial,18,12362,0.0005,6,0.8022130131721497,0.7348066568374634,0.43315279483795166,0.5242970585823059
axial,18,12362,0.0005,7,0.817427396774292,0.6685082912445068,0.4068596363067627,0.6313714981079102
axial,18,12362,0.0005,8,0.8326417803764343,0.7182320356369019,0.38623374700546265,0.586784839630127
axial,19,12363,0.0005,1,0.6196404099464417,0.8232043981552124,0.703518271446228,0.6643481254577637
axial,19,12363,0.0005,2,0.7219917178153992,0.6353591084480286,0.6795051693916321,0.6690685749053955
axial,19,12363,0.0005,3,0.6473029255867004,0.6353591084480286,0.6456411480903625,0.6397421956062317
axial,19,12363,0.0005,4,0.6929460763931274,0.6408839821815491,0.5783284902572632,0.6238097548484802
axial,19,12363,0.0005,5,0.7330567240715027,0.6961326003074646,0.5383358597755432,0.5667259693145752
axial,19,12363,0.0005,6,0.7621023654937744,0.6519337296485901,0.4957348704338074,0.6284593343734741
axial,19,12363,0.0005,7,0.7842323780059814,0.7790055274963379,0.47042787075042725,0.4700527787208557
axial,19,12363,0.0005,8,0.7883817553520203,0.8011049628257751,0.46012693643569946,0.45509451627731323
axial,20,12364,0.0005,1,0.634854793548584,0.2928176820278168,0.6971936225891113,0.7072875499725342
axial,20,12364,0.0005,2,0.5408022403717041,0.28176796436309814,0.6679789423942566,0.766992449760437
axial,20,12364,0.0005,3,0.6777316927909851,0.6961326003074646,0.6208869218826294,0.6017743349075317
axial,20,12364,0.0005,4,0.7399723529815674,0.6850828528404236,0.5535660982131958,0.6022740006446838
axial,20,12364,0.0005,5,0.7579529881477356,0.7403314709663391,0.5028440356254578,0.5279999375343323
axial,20,12364,0.0005,6,0.7925311326980591,0.7679557800292969,0.46355926990509033,0.4908354580402374
axial,20,12364,0.0005,7,0.795297384262085,0.7513812184333801,0.4494880139827728,0.5152181386947632
axial,20,12364,0.0005,8,0.8035961389541626,0.8011049628257751,0.41979601979255676,0.4602620303630829
axial,21,12365,0.0005,1,0.5228216052055359,0.8232043981552124,0.702840268611908,0.6757472157478333
axial,21,12365,0.0005,2,0.5864453911781311,0.8232043981552124,0.6811873316764832,0.6224567294120789
axial,21,12365,0.0005,3,0.6279391646385193,0.8176795840263367,0.650263249874115,0.5008054971694946
axial,21,12365,0.0005,4,0.7012448310852051,0.8232043981552124,0.6181379556655884,0.4379858672618866
axial,21,12365,0.0005,5,0.7316735982894897,0.8176795840263367,0.571864664554596,0.41965964436531067
axial,21,12365,0.0005,6,0.749654233455658,0.8011049628257751,0.5312569737434387,0.4719019830226898
axial,21,12365,0.0005,7,0.7648686170578003,0.8121547102928162,0.49322962760925293,0.431379497051239
axial,21,12365,0.0005,8,0.8008298873901367,0.7955800890922546,0.4583096504211426,0.4461689293384552
axial,22,12366,0.0005,1,0.5809128880500793,0.6519337296485901,0.6965838670730591,0.682877242565155
axial,22,12366,0.0005,2,0.6818810701370239,0.4917127192020416,0.6690655946731567,0.6989601850509644
axial,22,12366,0.0005,3,0.6708160638809204,0.6906077265739441,0.6253966689109802,0.6098594665527344
axial,22,12366,0.0005,4,0.7289073467254639,0.541436493396759,0.5634960532188416,0.6979183554649353
axial,22,12366,0.0005,5,0.7455048561096191,0.4861878454685211,0.5185925960540771,0.8123437166213989
axial,22,12366,0.0005,6,0.7745504975318909,0.5966851115226746,0.47903475165367126,0.6768298745155334
axial,22,12366,0.0005,7,0.770401120185852,0.7348066568374634,0.46349334716796875,0.5511218309402466
axial,22,12366,0.0005,8,0.8132780194282532,0.6519337296485901,0.42172569036483765,0.6174669861793518
axial,23,12367,0.0005,1,0.5961272716522217,0.18784530460834503,0.6898600459098816,0.7781687378883362
axial,23,12367,0.0005,2,0.5947441458702087,0.4364641010761261,0.646449863910675,0.7343461513519287
axial,23,12367,0.0005,3,0.7219917178153992,0.6961326003074646,0.5689392685890198,0.5732016563415527
axial,23,12367,0.0005,4,0.7441217303276062,0.6243094205856323,0.5152069330215454,0.6606387495994568
axial,23,12367,0.0005,5,0.7786998748779297,0.7348066568374634,0.44687211513519287,0.5863778591156006
axial,23,12367,0.0005,6,0.793914258480072,0.7292817831039429,0.42057478427886963,0.6207179427146912
axial,23,12367,0.0005,7,0.8271092772483826,0.7403314709663391,0.3721732497215271,0.6355381608009338
axial,23,12367,0.0005,8,0.8520055413246155,0.6298342347145081,0.3398706614971161,0.7418882846832275
axial,24,12368,0.0005,1,0.5463347434997559,0.6574585437774658,0.6967352032661438,0.6848456263542175
axial,24,12368,0.0005,2,0.5933610200881958,0.7734806537628174,0.6733834147453308,0.6099234223365784
axial,24,12368,0.0005,3,0.633471667766571,0.6795580387115479,0.6367283463478088,0.6097198128700256
axial,24,12368,0.0005,4,0.7053942084312439,0.7734806537628174,0.5697258710861206,0.510019838809967
axial,24,12368,0.0005,5,0.7302904725074768,0.7679557800292969,0.5391292572021484,0.5179385542869568
axial,24,12368,0.0005,6,0.7814661264419556,0.7734806537628174,0.4914056956768036,0.49062204360961914
axial,24,12368,0.0005,7,0.7869986295700073,0.7734806537628174,0.4452632963657379,0.4906237721443176
axial,24,12368,0.0005,8,0.8188105225563049,0.7845304012298584,0.4021208882331848,0.5014498233795166
axial,25,12369,0.0005,1,0.633471667766571,0.2983425557613373,0.6909707188606262,0.7326846718788147
axial,25,12369,0.0005,2,0.5753803849220276,0.2707182466983795,0.6708726286888123,0.7919355630874634
axial,25,12369,0.0005,3,0.611341655254364,0.46408841013908386,0.6290252804756165,0.7706642150878906
axial,25,12369,0.0005,4,0.704011082649231,0.530386745929718,0.5573163032531738,0.7652996182441711
axial,25,12369,0.0005,5,0.7192254662513733,0.6298342347145081,0.5180432796478271,0.6428613662719727
axial,25,12369,0.0005,6,0.7786998748779297,0.6187845468521118,0.4529689848423004,0.6595940589904785
axial,25,12369,0.0005,7,0.7856155037879944,0.6906077265739441,0.42290857434272766,0.612642765045166
axial,25,12369,0.0005,8,0.8022130131721497,0.6850828528404236,0.4137541651725769,0.6027631163597107
axial,26,12370,0.0005,1,0.4453665316104889,0.8397790193557739,0.6987687945365906,0.6818163990974426
axial,26,12370,0.0005,2,0.5781466364860535,0.8066298365592957,0.6845983266830444,0.6499443054199219
axial,26,12370,0.0005,3,0.5795297622680664,0.7900552749633789,0.6633032560348511,0.5944594144821167
axial,26,12370,0.0005,4,0.6611341834068298,0.8011049628257751,0.6034337282180786,0.49204912781715393
axial,26,12370,0.0005,5,0.7095435857772827,0.7845304012298584,0.5513859987258911,0.46646252274513245
axial,26,12370,0.0005,6,0.7385892271995544,0.7790055274963379,0.515191912651062,0.4649798274040222
axial,26,12370,0.0005,7,0.7662517428398132,0.8176795840263367,0.4933053255081177,0.4186147153377533
axial,26,12370,0.0005,8,0.7800830006599426,0.8397790193557739,0.44947871565818787,0.39665788412094116
axial,27,12371,0.0005,1,0.4273858964443207,0.8232043981552124,0.6983893513679504,0.6443314552307129
axial,27,12371,0.0005,2,0.6901798248291016,0.49723756313323975,0.6552178263664246,0.6942296028137207
axial,27,12371,0.0005,3,0.6528354287147522,0.5856353640556335,0.6042671203613281,0.6632509827613831
axial,27,12371,0.0005,4,0.7219917178153992,0.541436493396759,0.5518307685852051,0.7422788143157959
axial,27,12371,0.0005,5,0.7427386045455933,0.6243094205856323,0.5021477937698364,0.6045990586280823
axial,27,12371,0.0005,6,0.7994467616081238,0.6243094205856323,0.4442812204360962,0.6360300183296204
axial,27,12371,0.0005,7,0.8091286420822144,0.6850828528404236,0.4133484959602356,0.5808061957359314
axial,27,12371,0.0005,8,0.8367911577224731,0.6685082912445068,0.3686104416847229,0.6055793762207031
axial,28,12372,0.0005,1,0.5325034856796265,0.8287292718887329,0.7032276391983032,0.6711258292198181
axial,28,12372,0.0005,2,0.5491009950637817,0.5027624368667603,0.6763491630554199,0.6950659155845642
axial,28,12372,0.0005,3,0.6141079068183899,0.6906077265739441,0.6250858306884766,0.5956813097000122
axial,28,12372,0.0005,4,0.7095435857772827,0.7348066568374634,0.5567343235015869,0.5086467862129211
axial,28,12372,0.0005,5,0.7524204850196838,0.7182320356369019,0.50482577085495,0.5306282043457031
axial,28,12372,0.0005,6,0.7842323780059814,0.7292817831039429,0.46005600690841675,0.534125030040741
axial,28,12372,0.0005,7,0.7980636358261108,0.7624309659004211,0.42562463879585266,0.46721211075782776
axial,28,12372,0.0005,8,0.8188105225563049,0.8176795840263367,0.3975784480571747,0.41187283396720886
axial,29,12373,0.0005,1,0.611341655254364,0.5359116196632385,0.7003710865974426,0.6941753029823303
axial,29,12373,0.0005,2,0.5504841208457947,0.23756906390190125,0.6645497679710388,0.7936153411865234
axial,29,12373,0.0005,3,0.6514523029327393,0.5690608024597168,0.6138553023338318,0.6969277858734131
axial,29,12373,0.0005,4,0.7302904725074768,0.5524861812591553,0.5528284907341003,0.7349073886871338
axial,29,12373,0.0005,5,0.7634854912757874,0.6850828528404236,0.5167713165283203,0.6382759809494019
axial,29,12373,0.0005,6,0.7773167490959167,0.6187845468521118,0.4976601004600525,0.7286152839660645
axial,29,12373,0.0005,7,0.793914258480072,0.6353591084480286,0.44558778405189514,0.7034737467765808
axial,29,12373,0.0005,8,0.8257261514663696,0.6519337296485901,0.40619492530822754,0.7234181761741638
axial,30,12374,0.0005,1,0.5269709825515747,0.41436463594436646,0.7033939361572266,0.6967758536338806
axial,30,12374,0.0005,2,0.5919778943061829,0.5138121843338013,0.6757774353027344,0.6940874457359314
axial,30,12374,0.0005,3,0.6556016802787781,0.6685082912445068,0.6407225131988525,0.6067317128181458
axial,30,12374,0.0005,4,0.7067773342132568,0.6243094205856323,0.5653930902481079,0.6196082234382629
axial,30,12374,0.0005,5,0.7372061014175415,0.7513812184333801,0.5361514687538147,0.5166544914245605
axial,30,12374,0.0005,6,0.7385892271995544,0.7513812184333801,0.5265648365020752,0.5187249183654785
axial,30,12374,0.0005,7,0.7814661264419556,0.7624309659004211,0.46708908677101135,0.4850156605243683
axial,30,12374,0.0005,8,0.7994467616081238,0.7734806537628174,0.4279943108558655,0.47901445627212524
axial,31,12375,0.0005,1,0.5629322528839111,0.2596684992313385,0.6957040429115295,0.7338021397590637
axial,31,12375,0.0005,2,0.5864453911781311,0.5469613075256348,0.6549807786941528,0.6941208243370056
axial,31,12375,0.0005,3,0.6943292021751404,0.580110490322113,0.5960310101509094,0.7193421125411987
axial,31,12375,0.0005,4,0.6611341834068298,0.7016574740409851,0.5997056365013123,0.6052156090736389
axial,31,12375,0.0005,5,0.7358229756355286,0.7237569093704224,0.5259270668029785,0.5667641758918762
axial,31,12375,0.0005,6,0.7634854912757874,0.7182320356369019,0.4708837866783142,0.5708325505256653
axial,31,12375,0.0005,7,0.7925311326980591,0.7458563446998596,0.4296942949295044,0.5345321297645569
axial,31,12375,0.0005,8,0.8105117678642273,0.7513812184333801,0.4109175503253937,0.5627778768539429
axial,32,12376,0.0005,1,0.521438479423523,0.7955800890922546,0.7008107900619507,0.6835176944732666
axial,32,12376,0.0005,2,0.5380359888076782,0.7016574740409851,0.6897075772285461,0.6759606599807739
axial,32,12376,0.0005,3,0.5850622653961182,0.8232043981552124,0.6728103160858154,0.613052248954773
axial,32,12376,0.0005,4,0.6528354287147522,0.8066298365592957,0.6348507404327393,0.5427183508872986
axial,32,12376,0.0005,5,0.6929460763931274,0.7790055274963379,0.5856612920761108,0.5199893116950989
axial,32,12376,0.0005,6,0.7289073467254639,0.7679557800292969,0.5419331192970276,0.46993786096572876
axial,32,12376,0.0005,7,0.7593361139297485,0.7679557800292969,0.4826943874359131,0.45653024315834045
axial,32,12376,0.0005,8,0.7731673717498779,0.8011049628257751,0.482211172580719,0.4173707962036133
axial,33,12377,0.0005,1,0.7150760889053345,0.8176795840263367,0.703673779964447,0.6879839301109314
axial,33,12377,0.0005,2,0.7883817553520203,0.8176795840263367,0.6924530267715454,0.684531569480896
axial,33,12377,0.0005,3,0.7911480069160461,0.8176795840263367,0.6908981204032898,0.6552430391311646
axial,33,12377,0.0005,4,0.817427396774292,0.8176795840263367,0.6865351796150208,0.6347084641456604
axial,33,12377,0.0005,5,0.8118948936462402,0.8121547102928162,0.6815716028213501,0.6008567214012146
axial,33,12377,0.0005,6,0.817427396774292,0.7900552749633789,0.6589405536651611,0.52638840675354
axial,33,12377,0.0005,7,0.8022130131721497,0.7845304012298584,0.6467723846435547,0.5192333459854126
axial,33,12377,0.0005,8,0.8105117678642273,0.7900552749633789,0.6214151978492737,0.4717518091201782
axial,34,12378,0.0005,1,0.7330567240715027,0.7127071619033813,0.6971956491470337,0.6853476166725159
axial,34,12378,0.0005,2,0.7206085920333862,0.530386745929718,0.6838954091072083,0.6923044919967651
axial,34,12378,0.0005,3,0.7219917178153992,0.2707182466983795,0.6518803834915161,0.8468658924102783
axial,34,12378,0.0005,4,0.6901798248291016,0.6850828528404236,0.6337651610374451,0.6007587909698486
axial,34,12378,0.0005,5,0.7095435857772827,0.7071823477745056,0.5818552374839783,0.5317071080207825
axial,34,12378,0.0005,6,0.7399723529815674,0.7182320356369019,0.5590209364891052,0.5162766575813293
axial,34,12378,0.0005,7,0.7745504975318909,0.7292817831039429,0.5011928081512451,0.5056447982788086
axial,34,12378,0.0005,8,0.7883817553520203,0.6740331649780273,0.4734368622303009,0.5504330396652222
axial,35,12379,0.0005,1,0.5463347434997559,0.8176795840263367,0.6836047172546387,0.5444602966308594
axial,35,12379,0.0005,2,0.634854793548584,0.7900552749633789,0.6342020630836487,0.5202021598815918
axial,35,12379,0.0005,3,0.6915629506111145,0.7734806537628174,0.5704912543296814,0.5309227705001831
axial,35,12379,0.0005,4,0.7579529881477356,0.7845304012298584,0.5066174864768982,0.4827328324317932
axial,35,12379,0.0005,5,0.795297384262085,0.7900552749633789,0.4681980311870575,0.4923074245452881
axial,35,12379,0.0005,6,0.8035961389541626,0.7900552749633789,0.43941307067871094,0.4547484219074249
axial,35,12379,0.0005,7,0.8464730381965637,0.7790055274963379,0.37739306688308716,0.49137553572654724
axial,35,12379,0.0005,8,0.8367911577224731,0.7900552749633789,0.3662305772304535,0.4879269599914551
axial,36,12380,0.0005,1,0.6556016802787781,0.5966851115226746,0.6998168230056763,0.6914250254631042
axial,36,12380,0.0005,2,0.6085754036903381,0.4309392273426056,0.6716488599777222,0.7174682021141052
axial,36,12380,0.0005,3,0.6376210451126099,0.7016574740409851,0.6412323117256165,0.6044518351554871
axial,36,12380,0.0005,4,0.7136929631233215,0.6629834175109863,0.5666736960411072,0.634326696395874
axial,36,12380,0.0005,5,0.7330567240715027,0.6906077265739441,0.5325915217399597,0.5650103092193604
axial,36,12380,0.0005,6,0.7745504975318909,0.6519337296485901,0.4804579019546509,0.6244843602180481
axial,36,12380,0.0005,7,0.7869986295700073,0.6685082912445068,0.4368816316127777,0.6044143438339233
axial,36,12380,0.0005,8,0.8022130131721497,0.7071823477745056,0.4253201186656952,0.5438805222511292
axial,37,12381,0.0005,1,0.5366528630256653,0.2541436553001404,0.7007249593734741,0.7049034237861633
axial,37,12381,0.0005,2,0.5698478817939758,0.6353591084480286,0.6852387189865112,0.676606297492981
axial,37,12381,0.0005,3,0.634854793548584,0.541436493396759,0.6451042890548706,0.6978086829185486
axial,37,12381,0.0005,4,0.6832641959190369,0.7071823477745056,0.5800705552101135,0.5860662460327148
axial,37,12381,0.0005,5,0.724757969379425,0.6077347993850708,0.538636326789856,0.7084810137748718
axial,37,12381,0.0005,6,0.7621023654937744,0.7237569093704224,0.49409469962120056,0.5308576822280884
axial,37,12381,0.0005,7,0.7856155037879944,0.7292817831039429,0.4609851837158203,0.5460503697395325
axial,37,12381,0.0005,8,0.7869986295700073,0.7292817831039429,0.43530890345573425,0.5367928147315979
axial,38,12382,0.0005,1,0.5062240958213806,0.18232044577598572,0.695459246635437,0.7380877137184143
axial,38,12382,0.0005,2,0.4840940535068512,0.23756906390190125,0.6910327076911926,0.7209718823432922
axial,38,12382,0.0005,3,0.5394191145896912,0.4309392273426056,0.6782276630401611,0.7086812257766724
axial,38,12382,0.0005,4,0.6362379193305969,0.5635359287261963,0.6500561833381653,0.6796910762786865
axial,38,12382,0.0005,5,0.7053942084312439,0.7071823477745056,0.606115460395813,0.5977116227149963
axial,38,12382,0.0005,6,0.749654233455658,0.7790055274963379,0.5202566981315613,0.4712119400501251
axial,38,12382,0.0005,7,0.7842323780059814,0.7403314709663391,0.493935227394104,0.5527857542037964
axial,38,12382,0.0005,8,0.7925311326980591,0.7513812184333801,0.4674665331840515,0.49710971117019653
axial,39,12383,0.0005,1,0.42323651909828186,0.2154696136713028,0.7047618627548218,0.7130290269851685
axial,39,12383,0.0005,2,0.5698478817939758,0.8121547102928162,0.6820235252380371,0.5648577213287354
axial,39,12383,0.0005,3,0.6777316927909851,0.7955800890922546,0.6476108431816101,0.5085014700889587
axial,39,12383,0.0005,4,0.6625173091888428,0.8066298365592957,0.6016838550567627,0.4403456449508667
axial,39,12383,0.0005,5,0.7150760889053345,0.8011049628257751,0.558975100517273,0.4678797423839569
axial,39,12383,0.0005,6,0.7330567240715027,0.8176795840263367,0.5210800170898438,0.43501803278923035
axial,39,12383,0.0005,7,0.7413554787635803,0.8176795840263367,0.5097442865371704,0.4373947083950043
axial,39,12383,0.0005,8,0.7607192397117615,0.8342541456222534,0.46959182620048523,0.41820579767227173
axial,40,12384,0.0005,1,0.5601660013198853,0.3425414264202118,0.7013900279998779,0.703384280204773
axial,40,12384,0.0005,2,0.5034578442573547,0.6187845468521118,0.6750814318656921,0.6619486212730408
axial,40,12384,0.0005,3,0.7178423404693604,0.7237569093704224,0.6083875298500061,0.5383387804031372
axial,40,12384,0.0005,4,0.6749654412269592,0.7679557800292969,0.572835385799408,0.46770912408828735
axial,40,12384,0.0005,5,0.7316735982894897,0.7790055274963379,0.5255535244941711,0.46533098816871643
axial,40,12384,0.0005,6,0.7634854912757874,0.7734806537628174,0.4794262945652008,0.46741366386413574
axial,40,12384,0.0005,7,0.7814661264419556,0.7513812184333801,0.4722415804862976,0.5177090764045715
axial,40,12384,0.0005,8,0.817427396774292,0.7403314709663391,0.42019981145858765,0.5226819515228271
axial,41,12385,0.0005,1,0.5338866114616394,0.2154696136713028,0.7033440470695496,0.7201538681983948
axial,41,12385,0.0005,2,0.6486860513687134,0.8232043981552124,0.6619694828987122,0.4450032711029053
axial,41,12385,0.0005,3,0.680497944355011,0.8011049628257751,0.6302214860916138,0.41257762908935547
axial,41,12385,0.0005,4,0.7012448310852051,0.8232043981552124,0.5740688443183899,0.422263503074646
axial,41,12385,0.0005,5,0.7344398498535156,0.8011049628257751,0.5338352918624878,0.4423978924751282
axial,41,12385,0.0005,6,0.7593361139297485,0.7955800890922546,0.49302250146865845,0.42287832498550415
axial,41,12385,0.0005,7,0.7676348686218262,0.7679557800292969,0.46471476554870605,0.44513121247291565
axial,41,12385,0.0005,8,0.795297384262085,0.7513812184333801,0.4284636676311493,0.48769909143447876
axial,42,12386,0.0005,1,0.5836791396141052,0.8176795840263367,0.7007338404655457,0.6670837998390198
axial,42,12386,0.0005,2,0.5242047309875488,0.8176795840263367,0.6865190267562866,0.6149914860725403
axial,42,12386,0.0005,3,0.5822960138320923,0.8342541456222534,0.6769953966140747,0.5996277928352356
axial,42,12386,0.0005,4,0.6362379193305969,0.8287292718887329,0.6407511234283447,0.5139039754867554
axial,42,12386,0.0005,5,0.6680498123168945,0.7624309659004211,0.6109165549278259,0.5377805829048157
axial,42,12386,0.0005,6,0.7206085920333862,0.7679557800292969,0.5634213089942932,0.4940897524356842
axial,42,12386,0.0005,7,0.7358229756355286,0.7458563446998596,0.5565595030784607,0.5270113945007324
axial,42,12386,0.0005,8,0.7634854912757874,0.8176795840263367,0.4941527247428894,0.4436100125312805
axial,43,12387,0.0005,1,0.48962655663490295,0.8176795840263367,0.6876102685928345,0.5612736940383911
axial,43,12387,0.0005,2,0.6431535482406616,0.8287292718887329,0.6530343294143677,0.47619742155075073
axial,43,12387,0.0005,3,0.6957123279571533,0.8121547102928162,0.5829538702964783,0.4278492033481598
axial,43,12387,0.0005,4,0.7344398498535156,0.8066298365592957,0.5192347168922424,0.4212415814399719
axial,43,12387,0.0005,5,0.7869986295700073,0.8011049628257751,0.4540114104747772,0.4314171075820923
axial,43,12387,0.0005,6,0.795297384262085,0.7900552749633789,0.42598167061805725,0.4444272816181183
axial,43,12387,0.0005,7,0.8284924030303955,0.7900552749633789,0.3958686590194702,0.46755897998809814
axial,43,12387,0.0005,8,0.8354080319404602,0.7900552749633789,0.3451625108718872,0.46484479308128357
axial,44,12388,0.0005,1,0.6307054162025452,0.7624309659004211,0.6985072493553162,0.6817466616630554
axial,44,12388,0.0005,2,0.5615491271018982,0.265193372964859,0.6768587231636047,0.76877361536026
axial,44,12388,0.0005,3,0.6500691771507263,0.8176795840263367,0.6069238185882568,0.47963398694992065
axial,44,12388,0.0005,4,0.7413554787635803,0.7458563446998596,0.5397534966468811,0.5435097813606262
axial,44,12388,0.0005,5,0.7565698623657227,0.7237569093704224,0.506280243396759,0.567082941532135
axial,44,12388,0.0005,6,0.7676348686218262,0.6519337296485901,0.48917895555496216,0.6748086214065552
axial,44,12388,0.0005,7,0.7842323780059814,0.6961326003074646,0.45429620146751404,0.6384554505348206
axial,44,12388,0.0005,8,0.8091286420822144,0.6795580387115479,0.42343202233314514,0.6722506284713745
axial,45,12389,0.0005,1,0.40110650658607483,0.18232044577598572,0.7101104259490967,0.7005313634872437
axial,45,12389,0.0005,2,0.5311203598976135,0.8121547102928162,0.6928663849830627,0.6798005104064941
axial,45,12389,0.0005,3,0.7012448310852051,0.8176795840263367,0.6929691433906555,0.6564844846725464
axial,45,12389,0.0005,4,0.6099585294723511,0.8176795840263367,0.6900213956832886,0.6386781334877014
axial,45,12389,0.0005,5,0.7150760889053345,0.7016574740409851,0.6727220416069031,0.6409685611724854
axial,45,12389,0.0005,6,0.6874135732650757,0.5966851115226746,0.6386317610740662,0.6750519275665283
axial,45,12389,0.0005,7,0.6542185544967651,0.7679557800292969,0.6200920343399048,0.5509328842163086
axial,45,12389,0.0005,8,0.6915629506111145,0.7900552749633789,0.5867019891738892,0.4791277050971985
axial,46,12390,0.0005,1,0.34993085265159607,0.18232044577598572,0.7006067037582397,0.7040764093399048
axial,46,12390,0.0005,2,0.47856155037879944,0.7734806537628174,0.6904522180557251,0.6792171597480774
axial,46,12390,0.0005,3,0.5933610200881958,0.8176795840263367,0.6762582063674927,0.5341653823852539
axial,46,12390,0.0005,4,0.6390041708946228,0.8232043981552124,0.6488640308380127,0.5200841426849365
axial,46,12390,0.0005,5,0.680497944355011,0.7679557800292969,0.5985528230667114,0.4897911250591278
axial,46,12390,0.0005,6,0.7067773342132568,0.7403314709663391,0.5603188276290894,0.5066420435905457
axial,46,12390,0.0005,7,0.7468879818916321,0.7569060921669006,0.5364614725112915,0.46439695358276367
axial,46,12390,0.0005,8,0.7676348686218262,0.7348066568374634,0.4944944977760315,0.472635418176651
axial,47,12391,0.0005,1,0.48271092772483826,0.8232043981552124,0.6964671611785889,0.6746704578399658
axial,47,12391,0.0005,2,0.6196404099464417,0.7237569093704224,0.6848059892654419,0.659871518611908
axial,47,12391,0.0005,3,0.6293222904205322,0.580110490322113,0.6608290076255798,0.6650862097740173
axial,47,12391,0.0005,4,0.6666666865348816,0.3977900445461273,0.6400507092475891,0.7506870031356812
axial,47,12391,0.0005,5,0.6818810701370239,0.7955800890922546,0.5846334099769592,0.5171880722045898
axial,47,12391,0.0005,6,0.724757969379425,0.7071823477745056,0.5344604849815369,0.5604585409164429
axial,47,12391,0.0005,7,0.7607192397117615,0.6906077265739441,0.5161041021347046,0.5778222680091858
axial,47,12391,0.0005,8,0.7897648811340332,0.7900552749633789,0.4718579351902008,0.47277140617370605
axial,48,12392,0.0005,1,0.5546334981918335,0.27624309062957764,0.6936779022216797,0.7212117314338684
axial,48,12392,0.0005,2,0.5698478817939758,0.4751381278038025,0.6580364108085632,0.7110981941223145
axial,48,12392,0.0005,3,0.6694329380989075,0.4861878454685211,0.6060324311256409,0.7327571511268616
axial,48,12392,0.0005,4,0.7053942084312439,0.6298342347145081,0.5509389042854309,0.6333828568458557
axial,48,12392,0.0005,5,0.7551867365837097,0.6077347993850708,0.5053392052650452,0.6681654453277588
axial,48,12392,0.0005,6,0.7731673717498779,0.7127071619033813,0.463440477848053,0.5698534250259399
axial,48,12392,0.0005,7,0.793914258480072,0.6906077265739441,0.4227374792098999,0.5701355934143066
axial,48,12392,0.0005,8,0.8077455163002014,0.7127071619033813,0.4037368893623352,0.5480591654777527
axial,49,12393,0.0005,1,0.6915629506111145,0.6629834175109863,0.6992695927619934,0.6862273216247559
axial,49,12393,0.0005,2,0.6376210451126099,0.45303866267204285,0.6779748201370239,0.7050017714500427
axial,49,12393,0.0005,3,0.7150760889053345,0.6022099256515503,0.6351288557052612,0.6850104331970215
axial,49,12393,0.0005,4,0.7053942084312439,0.6519337296485901,0.5852454900741577,0.6275926232337952
axial,49,12393,0.0005,5,0.7538036108016968,0.6187845468521118,0.5252021551132202,0.6411311626434326
axial,49,12393,0.0005,6,0.7593361139297485,0.6353591084480286,0.4958907663822174,0.6484560370445251
axial,49,12393,0.0005,7,0.771784245967865,0.6353591084480286,0.452580064535141,0.6432905197143555
axial,49,12393,0.0005,8,0.795297384262085,0.6353591084480286,0.4337722063064575,0.6465131044387817
axial,50,12394,0.0005,1,0.7413554787635803,0.6519337296485901,0.6991235017776489,0.6872294545173645
axial,50,12394,0.0005,2,0.6970954537391663,0.4033149182796478,0.6821777820587158,0.7109768986701965
axial,50,12394,0.0005,3,0.6196404099464417,0.5690608024597168,0.6471211314201355,0.6818565130233765
axial,50,12394,0.0005,4,0.658367931842804,0.5580110549926758,0.6265950798988342,0.6755727529525757
axial,50,12394,0.0005,5,0.6984785795211792,0.5856353640556335,0.5870376229286194,0.689011812210083
axial,50,12394,0.0005,6,0.704011082649231,0.6353591084480286,0.5546295642852783,0.6290518045425415
axial,50,12394,0.0005,7,0.7372061014175415,0.5082873106002808,0.5229710936546326,0.7690436244010925
axial,50,12394,0.0005,8,0.7441217303276062,0.7292817831039429,0.5045638084411621,0.5372658371925354
coronal,1,12345,0.0001,1,0.4218533933162689,0.8176795840263367,0.7007876634597778,0.613789975643158
coronal,1,12345,0.0001,2,0.4591977894306183,0.8011049628257751,0.6962752938270569,0.6718796491622925
coronal,1,12345,0.0001,3,0.5587828755378723,0.8176795840263367,0.6889616847038269,0.6564476490020752
coronal,1,12345,0.0001,4,0.5242047309875488,0.8176795840263367,0.6845906376838684,0.6203020811080933
coronal,1,12345,0.0001,5,0.5961272716522217,0.8011049628257751,0.6851649880409241,0.6363055109977722
coronal,1,12345,0.0001,6,0.5864453911781311,0.7624309659004211,0.6767681241035461,0.6251646280288696
coronal,1,12345,0.0001,7,0.6058091521263123,0.8121547102928162,0.6671450138092041,0.5928351879119873
coronal,1,12345,0.0001,8,0.6071922779083252,0.8011049628257751,0.659869372844696,0.6001902222633362
coronal,2,12346,0.0001,1,0.6044260263442993,0.28176796436309814,0.6989939212799072,0.7103660106658936
coronal,2,12346,0.0001,2,0.5311203598976135,0.6740331649780273,0.6878304481506348,0.6742587685585022
coronal,2,12346,0.0001,3,0.5684647560119629,0.4475138187408447,0.6812025904655457,0.6965863704681396
coronal,2,12346,0.0001,4,0.5988935232162476,0.3867403268814087,0.6690772175788879,0.7220101356506348
coronal,2,12346,0.0001,5,0.5975103974342346,0.37016573548316956,0.6680864691734314,0.7298811674118042
coronal,2,12346,0.0001,6,0.6154910326004028,0.3977900445461273,0.6570676565170288,0.729097306728363
coronal,2,12346,0.0001,7,0.6141079068183899,0.4033149182796478,0.6460436582565308,0.7436645030975342
coronal,2,12346,0.0001,8,0.6500691771507263,0.4364641010761261,0.6334404349327087,0.7260410189628601
coronal,3,12347,0.0001,1,0.6196404099464417,0.18232044577598572,0.6975806951522827,0.7398476004600525
coronal,3,12347,0.0001,2,0.4951590597629547,0.27624309062957764,0.6947800517082214,0.72414231300354
coronal,3,12347,0.0001,3,0.5020747184753418,0.3977900445461273,0.6873114705085754,0.711005687713623
coronal,3,12347,0.0001,4,0.5753803849220276,0.3922652006149292,0.6821964979171753,0.7213495373725891
coronal,3,12347,0.0001,5,0.587828516960144,0.3867403268814087,0.6782904267311096,0.7390604615211487
coronal,3,12347,0.0001,6,0.5739972591400146,0.41436463594436646,0.6763384342193604,0.7307069301605225
coronal,3,12347,0.0001,7,0.587828516960144,0.4033149182796478,0.6729509830474854,0.7373378276824951
coronal,3,12347,0.0001,8,0.6307054162025452,0.49723756313323975,0.6579594016075134,0.703471302986145
coronal,4,12348,0.0001,1,0.4343015253543854,0.8176795840263367,0.7022513151168823,0.6522791981697083
coronal,4,12348,0.0001,2,0.5491009950637817,0.7348066568374634,0.6924856901168823,0.6772841215133667
coronal,4,12348,0.0001,3,0.4730290472507477,0.5745856165885925,0.6913871765136719,0.6828186511993408
coronal,4,12348,0.0001,4,0.56708163022995,0.7790055274963379,0.6815170645713806,0.6427797675132751
coronal,4,12348,0.0001,5,0.5795297622680664,0.8011049628257751,0.677223801612854,0.617906928062439
coronal,4,12348,0.0001,6,0.5615491271018982,0.7458563446998596,0.6736736297607422,0.6290456652641296
coronal,4,12348,0.0001,7,0.6251729130744934,0.7790055274963379,0.662417471408844,0.5935210585594177
coronal,4,12348,0.0001,8,0.6071922779083252,0.7679557800292969,0.6516693234443665,0.5795848369598389
coronal,5,12349,0.0001,1,0.45504841208457947,0.24309392273426056,0.6992838978767395,0.7098301649093628
coronal,5,12349,0.0001,2,0.4771784245967865,0.36464089155197144,0.6928966045379639,0.6995881795883179
coronal,5,12349,0.0001,3,0.5186722278594971,0.7679557800292969,0.6860976815223694,0.6626555919647217
coronal,5,12349,0.0001,4,0.5408022403717041,0.7403314709663391,0.681092381477356,0.6533920168876648
coronal,5,12349,0.0001,5,0.5449516177177429,0.7569060921669006,0.6758691072463989,0.6444981694221497
coronal,5,12349,0.0001,6,0.6016597747802734,0.7071823477745056,0.6651085615158081,0.6397032141685486
coronal,5,12349,0.0001,7,0.5919778943061829,0.6850828528404236,0.6585619449615479,0.6282092928886414
coronal,5,12349,0.0001,8,0.612724781036377,0.7624309659004211,0.6442042589187622,0.595832347869873
coronal,6,12350,0.0001,1,0.47579529881477356,0.5745856165885925,0.6985002756118774,0.6877874135971069
coronal,6,12350,0.0001,2,0.6320885419845581,0.4751381278038025,0.6890918612480164,0.6897926330566406
coronal,6,12350,0.0001,3,0.5560166239738464,0.6353591084480286,0.6803638935089111,0.6668727993965149
coronal,6,12350,0.0001,4,0.6044260263442993,0.6464088559150696,0.6757838129997253,0.6465144157409668
coronal,6,12350,0.0001,5,0.6362379193305969,0.7403314709663391,0.6584906578063965,0.6158302426338196
coronal,6,12350,0.0001,6,0.6611341834068298,0.7845304012298584,0.6416540145874023,0.5742710828781128
coronal,6,12350,0.0001,7,0.6721991896629333,0.7513812184333801,0.6268596053123474,0.5680869221687317
coronal,6,12350,0.0001,8,0.6860304474830627,0.7292817831039429,0.6185364127159119,0.5771041512489319
coronal,7,12351,0.0001,1,0.5850622653961182,0.18232044577598572,0.7015218138694763,0.7246123552322388
coronal,7,12351,0.0001,2,0.5325034856796265,0.28176796436309814,0.6939545273780823,0.7095428109169006
coronal,7,12351,0.0001,3,0.587828516960144,0.3480663001537323,0.6905856132507324,0.7077110409736633
coronal,7,12351,0.0001,4,0.6002766489982605,0.3922652006149292,0.6853578090667725,0.7088684439659119
coronal,7,12351,0.0001,5,0.6445366740226746,0.41988950967788696,0.6861091256141663,0.7085190415382385
coronal,7,12351,0.0001,6,0.6251729130744934,0.4309392273426056,0.6808938384056091,0.7069458961486816
coronal,7,12351,0.0001,7,0.6099585294723511,0.4475138187408447,0.677431046962738,0.7053168416023254
coronal,7,12351,0.0001,8,0.6265560388565063,0.4751381278038025,0.66961270570755,0.7044020891189575
coronal,8,12352,0.0001,1,0.5518672466278076,0.469613254070282,0.6937052011489868,0.6940674185752869
coronal,8,12352,0.0001,2,0.5629322528839111,0.45303866267204285,0.6789953708648682,0.6970130801200867
coronal,8,12352,0.0001,3,0.5504841208457947,0.4254143536090851,0.6769757270812988,0.7118092179298401
coronal,8,12352,0.0001,4,0.6141079068183899,0.469613254070282,0.6660451889038086,0.7108262777328491
coronal,8,12352,0.0001,5,0.5975103974342346,0.5027624368667603,0.649586021900177,0.6933476328849792
coronal,8,12352,0.0001,6,0.6182572841644287,0.519336998462677,0.6508530974388123,0.694229781627655
coronal,8,12352,0.0001,7,0.634854793548584,0.49723756313323975,0.6398709416389465,0.6952964663505554
coronal,8,12352,0.0001,8,0.6210235357284546,0.541436493396759,0.6269691586494446,0.6704381704330444
coronal,9,12353,0.0001,1,0.5172891020774841,0.6685082912445068,0.7002761960029602,0.6840952038764954
coronal,9,12353,0.0001,2,0.40940526127815247,0.6022099256515503,0.6938706636428833,0.6848129630088806
coronal,9,12353,0.0001,3,0.5573997497558594,0.7127071619033813,0.688024640083313,0.667360246181488
coronal,9,12353,0.0001,4,0.6030429005622864,0.6685082912445068,0.6811675429344177,0.6658406853675842
coronal,9,12353,0.0001,5,0.5961272716522217,0.6243094205856323,0.6760224103927612,0.6663832068443298
coronal,9,12353,0.0001,6,0.6196404099464417,0.4806629717350006,0.6657431721687317,0.7053626179695129
coronal,9,12353,0.0001,7,0.5919778943061829,0.6298342347145081,0.6526915431022644,0.656971275806427
coronal,9,12353,0.0001,8,0.6279391646385193,0.5359116196632385,0.6423499584197998,0.6822868585586548
coronal,10,12354,0.0001,1,0.4771784245967865,0.7292817831039429,0.6971181631088257,0.6672384142875671
coronal,10,12354,0.0001,2,0.5601660013198853,0.49723756313323975,0.681123673915863,0.691013753414154
coronal,10,12354,0.0001,3,0.5587828755378723,0.3922652006149292,0.6721016764640808,0.7367390394210815
coronal,10,12354,0.0001,4,0.5947441458702087,0.5082873106002808,0.6585593819618225,0.696147084236145
coronal,10,12354,0.0001,5,0.6182572841644287,0.4033149182796478,0.6522546410560608,0.7594988346099854
coronal,10,12354,0.0001,6,0.611341655254364,0.4309392273426056,0.6392427086830139,0.7692787647247314
coronal,10,12354,0.0001,7,0.6279391646385193,0.4364641010761261,0.6274521946907043,0.7652103900909424
coronal,10,12354,0.0001,8,0.6514523029327393,0.5082873106002808,0.6073259115219116,0.7439441084861755
coronal,11,12355,0.0001,1,0.5131397247314453,0.7955800890922546,0.6948485374450684,0.6631442904472351
coronal,11,12355,0.0001,2,0.49930843710899353,0.5966851115226746,0.6890335083007812,0.68019700050354
coronal,11,12355,0.0001,3,0.56708163022995,0.6243094205856323,0.683460533618927,0.6670926213264465
coronal,11,12355,0.0001,4,0.56708163022995,0.6795580387115479,0.6718658804893494,0.6403568387031555
coronal,11,12355,0.0001,5,0.5933610200881958,0.6519337296485901,0.6617392301559448,0.6363730430603027
coronal,11,12355,0.0001,6,0.5698478817939758,0.6353591084480286,0.6594199538230896,0.6353962421417236
coronal,11,12355,0.0001,7,0.6182572841644287,0.6408839821815491,0.6462069153785706,0.6341651082038879
coronal,11,12355,0.0001,8,0.6237897872924805,0.5745856165885925,0.632996678352356,0.6785969734191895
coronal,12,12356,0.0001,1,0.5587828755378723,0.20441989600658417,0.6960833072662354,0.7385267615318298
coronal,12,12356,0.0001,2,0.4868603050708771,0.19889502227306366,0.6931602954864502,0.7505660057067871
coronal,12,12356,0.0001,3,0.4744121730327606,0.3535911738872528,0.6851510405540466,0.7136307954788208
coronal,12,12356,0.0001,4,0.5366528630256653,0.3591160178184509,0.6787851452827454,0.7279900908470154
coronal,12,12356,0.0001,5,0.6141079068183899,0.41988950967788696,0.6729846596717834,0.7135072946548462
coronal,12,12356,0.0001,6,0.5712310075759888,0.3922652006149292,0.6639198064804077,0.741838812828064
coronal,12,12356,0.0001,7,0.5988935232162476,0.36464089155197144,0.6568599939346313,0.7639119625091553
coronal,12,12356,0.0001,8,0.5836791396141052,0.5524861812591553,0.646793782711029,0.6778610348701477
coronal,13,12357,0.0001,1,0.4840940535068512,0.27624309062957764,0.6985327005386353,0.7248751521110535
coronal,13,12357,0.0001,2,0.5352697372436523,0.3922652006149292,0.6869393587112427,0.707771360874176
coronal,13,12357,0.0001,3,0.5864453911781311,0.3867403268814087,0.6787814497947693,0.7137559652328491
coronal,13,12357,0.0001,4,0.6058091521263123,0.469613254070282,0.6685578227043152,0.6971848011016846
coronal,13,12357,0.0001,5,0.6141079068183899,0.5138121843338013,0.6655495762825012,0.6849721074104309
coronal,13,12357,0.0001,6,0.6390041708946228,0.4806629717350006,0.650909423828125,0.6932438611984253
coronal,13,12357,0.0001,7,0.6182572841644287,0.5082873106002808,0.6484819650650024,0.6902238130569458
coronal,13,12357,0.0001,8,0.6403872966766357,0.5248618721961975,0.6373748779296875,0.681367039680481
coronal,14,12358,0.0001,1,0.5712310075759888,0.23756906390190125,0.6954826712608337,0.73370361328125
coronal,14,12358,0.0001,2,0.5836791396141052,0.40883979201316833,0.6853899359703064,0.7157126665115356
coronal,14,12358,0.0001,3,0.5560166239738464,0.4033149182796478,0.676968514919281,0.7273335456848145
coronal,14,12358,0.0001,4,0.5850622653961182,0.4364641010761261,0.6681921482086182,0.7309126257896423
coronal,14,12358,0.0001,5,0.6030429005622864,0.4419889450073242,0.660616397857666,0.7364574670791626
coronal,14,12358,0.0001,6,0.6362379193305969,0.4309392273426056,0.63861483335495,0.74742591381073
coronal,14,12358,0.0001,7,0.6473029255867004,0.4806629717350006,0.6257580518722534,0.7066750526428223
coronal,14,12358,0.0001,8,0.6625173091888428,0.4475138187408447,0.6111710667610168,0.7358935475349426
coronal,15,12359,0.0001,1,0.4868603050708771,0.3038673996925354,0.7022087574005127,0.7095267176628113
coronal,15,12359,0.0001,2,0.5463347434997559,0.2154696136713028,0.695820689201355,0.7390255331993103
coronal,15,12359,0.0001,3,0.5518672466278076,0.46408841013908386,0.6841970682144165,0.7049846053123474
coronal,15,12359,0.0001,4,0.5587828755378723,0.4751381278038025,0.6766990423202515,0.7077212929725647
coronal,15,12359,0.0001,5,0.5947441458702087,0.41436463594436646,0.6711311340332031,0.7305063605308533
coronal,15,12359,0.0001,6,0.589211642742157,0.4751381278038025,0.6598674058914185,0.7170747518539429
coronal,15,12359,0.0001,7,0.6182572841644287,0.4917127192020416,0.6516682505607605,0.703032374382019
coronal,15,12359,0.0001,8,0.6251729130744934,0.5248618721961975,0.6380171179771423,0.702131986618042
coronal,16,12360,0.0001,1,0.5546334981918335,0.19889502227306366,0.6981316804885864,0.7205475568771362
coronal,16,12360,0.0001,2,0.34301522374153137,0.40883979201316833,0.6911716461181641,0.6997078061103821
coronal,16,12360,0.0001,3,0.45781466364860535,0.49723756313323975,0.68349689245224,0.690660834312439
coronal,16,12360,0.0001,4,0.5311203598976135,0.40883979201316833,0.677943229675293,0.7131555676460266
coronal,16,12360,0.0001,5,0.5297372341156006,0.4806629717350006,0.6734691858291626,0.6969834566116333
coronal,16,12360,0.0001,6,0.5408022403717041,0.49723756313323975,0.6648215055465698,0.6973501443862915
coronal,16,12360,0.0001,7,0.5739972591400146,0.5027624368667603,0.6521009802818298,0.7019321918487549
coronal,16,12360,0.0001,8,0.5864453911781311,0.49723756313323975,0.6430841088294983,0.7030261754989624
coronal,17,12361,0.0001,1,0.6058091521263123,0.2154696136713028,0.6966256499290466,0.7162608504295349
coronal,17,12361,0.0001,2,0.47579529881477356,0.265193372964859,0.6930871605873108,0.7182361483573914
coronal,17,12361,0.0001,3,0.49239280819892883,0.3977900445461273,0.6886285543441772,0.709750771522522
coronal,17,12361,0.0001,4,0.49930843710899353,0.32044199109077454,0.6834891438484192,0.7343972325325012
coronal,17,12361,0.0001,5,0.5449516177177429,0.5580110549926758,0.6793244481086731,0.6766298413276672
coronal,17,12361,0.0001,6,0.5629322528839111,0.45303866267204285,0.6691969037055969,0.7157399654388428
coronal,17,12361,0.0001,7,0.5739972591400146,0.4917127192020416,0.6702576279640198,0.7084641456604004
coronal,17,12361,0.0001,8,0.5933610200881958,0.5635359287261963,0.6605868339538574,0.6743922829627991
coronal,18,12362,0.0001,1,0.5504841208457947,0.22651933133602142,0.6963068246841431,0.7523714900016785
coronal,18,12362,0.0001,2,0.4813278019428253,0.23756906390190125,0.6887016892433167,0.7466102838516235
coronal,18,12362,0.0001,3,0.54356849193573,0.33701658248901367,0.6794968843460083,0.7258612513542175
coronal,18,12362,0.0001,4,0.587828516960144,0.33149170875549316,0.670061469078064,0.7484327554702759
coronal,18,12362,0.0001,5,0.5850622653961182,0.3922652006149292,0.659416139125824,0.7452471852302551
coronal,18,12362,0.0001,6,0.6085754036903381,0.3977900445461273,0.6517448425292969,0.7546388506889343
coronal,18,12362,0.0001,7,0.6500691771507263,0.469613254070282,0.6321382522583008,0.7361415028572083
coronal,18,12362,0.0001,8,0.6459197998046875,0.4917127192020416,0.6370499730110168,0.7280321717262268
coronal,19,12363,0.0001,1,0.5532503724098206,0.7127071619033813,0.6970095634460449,0.6751047372817993
coronal,19,12363,0.0001,2,0.45504841208457947,0.6850828528404236,0.6955809593200684,0.6710954308509827
coronal,19,12363,0.0001,3,0.5615491271018982,0.6519337296485901,0.6882374286651611,0.6644002795219421
coronal,19,12363,0.0001,4,0.6099585294723511,0.6243094205856323,0.681336522102356,0.6623665690422058
coronal,19,12363,0.0001,5,0.6030429005622864,0.580110490322113,0.6701578497886658,0.6701512336730957
coronal,19,12363,0.0001,6,0.6279391646385193,0.6187845468521118,0.661422848701477,0.6498771905899048
coronal,19,12363,0.0001,7,0.6376210451126099,0.591160237789154,0.6540347337722778,0.65749192237854
coronal,19,12363,0.0001,8,0.6362379193305969,0.5690608024597168,0.6438807845115662,0.6666463613510132
coronal,20,12364,0.0001,1,0.5809128880500793,0.2154696136713028,0.6953752040863037,0.7412418127059937
coronal,20,12364,0.0001,2,0.4771784245967865,0.3977900445461273,0.6882299780845642,0.7041700482368469
coronal,20,12364,0.0001,3,0.5726141333580017,0.4861878454685211,0.6789792776107788,0.6954322457313538
coronal,20,12364,0.0001,4,0.6182572841644287,0.45856353640556335,0.6674079298973083,0.7072833180427551
coronal,20,12364,0.0001,5,0.6141079068183899,0.469613254070282,0.6624972820281982,0.7134236693382263
coronal,20,12364,0.0001,6,0.6417704224586487,0.4475138187408447,0.6485577821731567,0.7234863042831421
coronal,20,12364,0.0001,7,0.6473029255867004,0.45856353640556335,0.6366039514541626,0.7322365641593933
coronal,20,12364,0.0001,8,0.6666666865348816,0.45303866267204285,0.6225151419639587,0.7489258050918579
coronal,21,12365,0.0001,1,0.32503458857536316,0.6464088559150696,0.6988229751586914,0.6848489046096802
coronal,21,12365,0.0001,2,0.5988935232162476,0.580110490322113,0.691849946975708,0.6856220960617065
coronal,21,12365,0.0001,3,0.5795297622680664,0.5469613075256348,0.687738299369812,0.683600664138794
coronal,21,12365,0.0001,4,0.5601660013198853,0.5966851115226746,0.6812138557434082,0.6653086543083191
coronal,21,12365,0.0001,5,0.5850622653961182,0.5469613075256348,0.6730921864509583,0.6685072779655457
coronal,21,12365,0.0001,6,0.5726141333580017,0.6187845468521118,0.6629555225372314,0.6424306035041809
coronal,21,12365,0.0001,7,0.6002766489982605,0.591160237789154,0.6573452353477478,0.6601723432540894
coronal,21,12365,0.0001,8,0.633471667766571,0.6187845468521118,0.6431559324264526,0.6387186050415039
coronal,22,12366,0.0001,1,0.5975103974342346,0.3480663001537323,0.6930727958679199,0.7172726988792419
coronal,22,12366,0.0001,2,0.5242047309875488,0.469613254070282,0.6883756518363953,0.6989754438400269
coronal,22,12366,0.0001,3,0.5311203598976135,0.4751381278038025,0.6821179986000061,0.6936262249946594
coronal,22,12366,0.0001,4,0.5919778943061829,0.5082873106002808,0.6696513891220093,0.68351149559021
coronal,22,12366,0.0001,5,0.6265560388565063,0.4861878454685211,0.6642476916313171,0.6901743412017822
coronal,22,12366,0.0001,6,0.6251729130744934,0.541436493396759,0.658058226108551,0.6753968000411987
coronal,22,12366,0.0001,7,0.6237897872924805,0.5580110549926758,0.6476036310195923,0.6702526807785034
coronal,22,12366,0.0001,8,0.6431535482406616,0.5359116196632385,0.6376776099205017,0.6788888573646545
coronal,23,12367,0.0001,1,0.6016597747802734,0.18232044577598572,0.6982110142707825,0.7804128527641296
coronal,23,12367,0.0001,2,0.5311203598976135,0.19337016344070435,0.6885983943939209,0.7521296739578247
coronal,23,12367,0.0001,3,0.5269709825515747,0.2983425557613373,0.6872324347496033,0.7333648204803467
coronal,23,12367,0.0001,4,0.542185366153717,0.32596686482429504,0.6797047853469849,0.7373507022857666
coronal,23,12367,0.0001,5,0.5546334981918335,0.31491711735725403,0.6695362329483032,0.7732517719268799
coronal,23,12367,0.0001,6,0.5615491271018982,0.3591160178184509,0.6713348031044006,0.7531537413597107
coronal,23,12367,0.0001,7,0.6002766489982605,0.36464089155197144,0.6600563526153564,0.7704783082008362
coronal,23,12367,0.0001,8,0.6058091521263123,0.40883979201316833,0.649725079536438,0.7579644322395325
coronal,24,12368,0.0001,1,0.46473029255867004,0.49723756313323975,0.7063702940940857,0.699273943901062
coronal,24,12368,0.0001,2,0.5366528630256653,0.5690608024597168,0.6927902102470398,0.6721078753471375
coronal,24,12368,0.0001,3,0.5325034856796265,0.6408839821815491,0.6880123019218445,0.6451912522315979
coronal,24,12368,0.0001,4,0.5961272716522217,0.591160237789154,0.6789671778678894,0.6589952111244202
coronal,24,12368,0.0001,5,0.5933610200881958,0.6077347993850708,0.6674255132675171,0.6508961915969849
coronal,24,12368,0.0001,6,0.5933610200881958,0.5580110549926758,0.6641829013824463,0.6715471148490906
coronal,24,12368,0.0001,7,0.612724781036377,0.5856353640556335,0.6557791233062744,0.6494144797325134
coronal,24,12368,0.0001,8,0.6390041708946228,0.6464088559150696,0.6380369663238525,0.6224918365478516
coronal,25,12369,0.0001,1,0.542185366153717,0.8066298365592957,0.697877824306488,0.6602355241775513
coronal,25,12369,0.0001,2,0.3817427456378937,0.7569060921669006,0.6947854161262512,0.6597833633422852
coronal,25,12369,0.0001,3,0.4771784245967865,0.7348066568374634,0.6891287565231323,0.6619085669517517
coronal,25,12369,0.0001,4,0.49930843710899353,0.7237569093704224,0.6849183440208435,0.64484703540802
coronal,25,12369,0.0001,5,0.4937759339809418,0.6464088559150696,0.676726222038269,0.654267430305481
coronal,25,12369,0.0001,6,0.5629322528839111,0.6408839821815491,0.6702837347984314,0.6420173645019531
coronal,25,12369,0.0001,7,0.6058091521263123,0.6132596731185913,0.658341109752655,0.6425930261611938
coronal,25,12369,0.0001,8,0.5919778943061829,0.6243094205856323,0.6500136852264404,0.624758243560791
coronal,26,12370,0.0001,1,0.4135546386241913,0.5966851115226746,0.701785683631897,0.681409478187561
coronal,26,12370,0.0001,2,0.44813278317451477,0.6077347993850708,0.6899699568748474,0.6760978698730469
coronal,26,12370,0.0001,3,0.5020747184753418,0.5966851115226746,0.6867939829826355,0.6770526766777039
coronal,26,12370,0.0001,4,0.5532503724098206,0.6740331649780273,0.6753365993499756,0.6465765237808228
coronal,26,12370,0.0001,5,0.5338866114616394,0.6243094205856323,0.6766825318336487,0.6578721404075623
coronal,26,12370,0.0001,6,0.5712310075759888,0.6353591084480286,0.6625862121582031,0.6519122123718262
coronal,26,12370,0.0001,7,0.5933610200881958,0.6519337296485901,0.660828173160553,0.6437458992004395
coronal,26,12370,0.0001,8,0.6016597747802734,0.6850828528404236,0.6464476585388184,0.6215068101882935
coronal,27,12371,0.0001,1,0.48547717928886414,0.6795580387115479,0.7005589008331299,0.6808276772499084
coronal,27,12371,0.0001,2,0.5131397247314453,0.519336998462677,0.6918818950653076,0.6901533603668213
coronal,27,12371,0.0001,3,0.48824343085289,0.45856353640556335,0.6910424828529358,0.6922645568847656
coronal,27,12371,0.0001,4,0.5172891020774841,0.5635359287261963,0.6786289811134338,0.6748836636543274
coronal,27,12371,0.0001,5,0.5684647560119629,0.6132596731185913,0.6701672673225403,0.649141788482666
coronal,27,12371,0.0001,6,0.5698478817939758,0.6298342347145081,0.6627898216247559,0.6381664872169495
coronal,27,12371,0.0001,7,0.5961272716522217,0.7513812184333801,0.6496776938438416,0.5866816639900208
coronal,27,12371,0.0001,8,0.6016597747802734,0.7292817831039429,0.6489349007606506,0.5883421301841736
coronal,28,12372,0.0001,1,0.5089903473854065,0.5027624368667603,0.6940141916275024,0.6941070556640625
coronal,28,12372,0.0001,2,0.41908714175224304,0.5635359287261963,0.6878772974014282,0.6833962798118591
coronal,28,12372,0.0001,3,0.5228216052055359,0.45856353640556335,0.6807397603988647,0.6951037049293518
coronal,28,12372,0.0001,4,0.49654218554496765,0.530386745929718,0.6759003400802612,0.6847153902053833
coronal,28,12372,0.0001,5,0.5587828755378723,0.4917127192020416,0.6667382717132568,0.6923918128013611
coronal,28,12372,0.0001,6,0.5961272716522217,0.519336998462677,0.6634436249732971,0.6871875524520874
coronal,28,12372,0.0001,7,0.6279391646385193,0.519336998462677,0.6475800275802612,0.7008081674575806
coronal,28,12372,0.0001,8,0.6058091521263123,0.5248618721961975,0.6381110548973083,0.7026031017303467
coronal,29,12373,0.0001,1,0.5795297622680664,0.38121548295021057,0.6980892419815063,0.7023076415061951
coronal,29,12373,0.0001,2,0.5366528630256653,0.5635359287261963,0.6886979341506958,0.6875600814819336
coronal,29,12373,0.0001,3,0.6237897872924805,0.4309392273426056,0.6823161244392395,0.7115378379821777
coronal,29,12373,0.0001,4,0.5822960138320923,0.38121548295021057,0.6690738201141357,0.7311092615127563
coronal,29,12373,0.0001,5,0.633471667766571,0.2983425557613373,0.6616322994232178,0.7894771099090576
coronal,29,12373,0.0001,6,0.611341655254364,0.33701658248901367,0.647003173828125,0.7814241051673889
coronal,29,12373,0.0001,7,0.6639004349708557,0.37016573548316956,0.630012571811676,0.7841302752494812
coronal,29,12373,0.0001,8,0.6445366740226746,0.3425414264202118,0.6265074014663696,0.8241845965385437
coronal,30,12374,0.0001,1,0.56708163022995,0.18232044577598572,0.6998147964477539,0.7300610542297363
coronal,30,12374,0.0001,2,0.5477178692817688,0.24861878156661987,0.6891506910324097,0.7393761873245239
coronal,30,12374,0.0001,3,0.5020747184753418,0.28729280829429626,0.682930588722229,0.7457915544509888
coronal,30,12374,0.0001,4,0.5726141333580017,0.33701658248901367,0.6737098693847656,0.7470734119415283
coronal,30,12374,0.0001,5,0.5795297622680664,0.3867403268814087,0.6626492142677307,0.7396332025527954
coronal,30,12374,0.0001,6,0.5712310075759888,0.4254143536090851,0.6554422378540039,0.7161614894866943
coronal,30,12374,0.0001,7,0.6362379193305969,0.40883979201316833,0.6372345685958862,0.7327731847763062
coronal,30,12374,0.0001,8,0.656984806060791,0.5138121843338013,0.6206703186035156,0.6910033226013184
coronal,31,12375,0.0001,1,0.6818810701370239,0.18232044577598572,0.6958442330360413,0.7405329942703247
coronal,31,12375,0.0001,2,0.48271092772483826,0.27624309062957764,0.6878944039344788,0.7264790534973145
coronal,31,12375,0.0001,3,0.466113418340683,0.3425414264202118,0.6850638389587402,0.7306327819824219
coronal,31,12375,0.0001,4,0.5269709825515747,0.32044199109077454,0.6809733510017395,0.7534428238868713
coronal,31,12375,0.0001,5,0.5255878567695618,0.37016573548316956,0.6750035285949707,0.7567995190620422
coronal,31,12375,0.0001,6,0.5352697372436523,0.3535911738872528,0.6670384407043457,0.7611525058746338
coronal,31,12375,0.0001,7,0.5338866114616394,0.4364641010761261,0.6648756265640259,0.7345132827758789
coronal,31,12375,0.0001,8,0.5781466364860535,0.4309392273426056,0.6493858695030212,0.7407559752464294
coronal,32,12376,0.0001,1,0.4149377644062042,0.2596684992313385,0.7035242319107056,0.7071793079376221
coronal,32,12376,0.0001,2,0.40525588393211365,0.23756906390190125,0.6928325295448303,0.7095228433609009
coronal,32,12376,0.0001,3,0.3692946135997772,0.3867403268814087,0.69046550989151,0.7015497088432312
coronal,32,12376,0.0001,4,0.4702627956867218,0.3425414264202118,0.6876351833343506,0.712851345539093
coronal,32,12376,0.0001,5,0.4951590597629547,0.5027624368667603,0.6791231036186218,0.6936018466949463
coronal,32,12376,0.0001,6,0.5463347434997559,0.5580110549926758,0.6738778948783875,0.6819046139717102
coronal,32,12376,0.0001,7,0.611341655254364,0.6187845468521118,0.6655392050743103,0.6674899458885193
coronal,32,12376,0.0001,8,0.6044260263442993,0.6464088559150696,0.6563023924827576,0.6423376202583313
coronal,33,12377,0.0001,1,0.4246196448802948,0.7458563446998596,0.707234263420105,0.6786530017852783
coronal,33,12377,0.0001,2,0.5006915926933289,0.6408839821815491,0.6913169622421265,0.6769924163818359
coronal,33,12377,0.0001,3,0.4951590597629547,0.7127071619033813,0.6849015355110168,0.6555148363113403
coronal,33,12377,0.0001,4,0.5283541083335876,0.6685082912445068,0.6814061403274536,0.6536053419113159
coronal,33,12377,0.0001,5,0.5560166239738464,0.7403314709663391,0.6747724413871765,0.6303465366363525
coronal,33,12377,0.0001,6,0.5573997497558594,0.7403314709663391,0.6729779243469238,0.6234366297721863
coronal,33,12377,0.0001,7,0.5850622653961182,0.7237569093704224,0.6569586992263794,0.6150633096694946
coronal,33,12377,0.0001,8,0.6016597747802734,0.6961326003074646,0.6506081819534302,0.6060452461242676
coronal,34,12378,0.0001,1,0.7427386045455933,0.23756906390190125,0.6959466338157654,0.7228953242301941
coronal,34,12378,0.0001,2,0.5477178692817688,0.3480663001537323,0.688149631023407,0.7214865684509277
coronal,34,12378,0.0001,3,0.5532503724098206,0.4364641010761261,0.6806674599647522,0.7120874524116516
coronal,34,12378,0.0001,4,0.6168741583824158,0.40883979201316833,0.6716340184211731,0.7357015609741211
coronal,34,12378,0.0001,5,0.6002766489982605,0.4419889450073242,0.6676520705223083,0.7229793071746826
coronal,34,12378,0.0001,6,0.6210235357284546,0.41436463594436646,0.6568047404289246,0.7514186501502991
coronal,34,12378,0.0001,7,0.6182572841644287,0.4475138187408447,0.6446537971496582,0.7486966848373413
coronal,34,12378,0.0001,8,0.6279391646385193,0.45856353640556335,0.6413394212722778,0.7449715733528137
coronal,35,12379,0.0001,1,0.30428770184516907,0.8176795840263367,0.6948375701904297,0.6492376923561096
coronal,35,12379,0.0001,2,0.5255878567695618,0.7237569093704224,0.6897380948066711,0.6628396511077881
coronal,35,12379,0.0001,3,0.5546334981918335,0.8066298365592957,0.6830921769142151,0.6310611367225647
coronal,35,12379,0.0001,4,0.5698478817939758,0.7955800890922546,0.6783358454704285,0.6237145066261292
coronal,35,12379,0.0001,5,0.5684647560119629,0.7955800890922546,0.6717385649681091,0.5923559069633484
coronal,35,12379,0.0001,6,0.6376210451126099,0.8066298365592957,0.6641750931739807,0.5795644521713257
coronal,35,12379,0.0001,7,0.6224066615104675,0.8066298365592957,0.6557711362838745,0.5626963973045349
coronal,35,12379,0.0001,8,0.6403872966766357,0.7900552749633789,0.6413169503211975,0.5495637655258179
coronal,36,12380,0.0001,1,0.5325034856796265,0.49723756313323975,0.6946574449539185,0.6925777196884155
coronal,36,12380,0.0001,2,0.5532503724098206,0.5359116196632385,0.6878578662872314,0.6870547533035278
coronal,36,12380,0.0001,3,0.5933610200881958,0.5027624368667603,0.6797802448272705,0.6971974968910217
coronal,36,12380,0.0001,4,0.5850622653961182,0.5635359287261963,0.6737970113754272,0.6749095320701599
coronal,36,12380,0.0001,5,0.6265560388565063,0.49723756313323975,0.6627245545387268,0.7122414112091064
coronal,36,12380,0.0001,6,0.6224066615104675,0.4861878454685211,0.660673975944519,0.7082648277282715
coronal,36,12380,0.0001,7,0.6154910326004028,0.49723756313323975,0.6431597471237183,0.6980522871017456
coronal,36,12380,0.0001,8,0.634854793548584,0.530386745929718,0.638559103012085,0.6790314316749573
coronal,37,12381,0.0001,1,0.5283541083335876,0.22651933133602142,0.6947395205497742,0.7153980135917664
coronal,37,12381,0.0001,2,0.5076072216033936,0.33701658248901367,0.6850852966308594,0.7182014584541321
coronal,37,12381,0.0001,3,0.5297372341156006,0.36464089155197144,0.6807073950767517,0.7327521443367004
coronal,37,12381,0.0001,4,0.5698478817939758,0.3977900445461273,0.6616874933242798,0.741635799407959
coronal,37,12381,0.0001,5,0.5601660013198853,0.46408841013908386,0.6570033431053162,0.7180708646774292
coronal,37,12381,0.0001,6,0.6168741583824158,0.4917127192020416,0.6440386772155762,0.7117651700973511
coronal,37,12381,0.0001,7,0.634854793548584,0.5027624368667603,0.6344200372695923,0.7162835001945496
coronal,37,12381,0.0001,8,0.6417704224586487,0.5138121843338013,0.6150469183921814,0.7074357271194458
coronal,38,12382,0.0001,1,0.5975103974342346,0.18232044577598572,0.6996729373931885,0.739528238773346
coronal,38,12382,0.0001,2,0.37759336829185486,0.23756906390190125,0.6946248412132263,0.7137944102287292
coronal,38,12382,0.0001,3,0.5131397247314453,0.33701658248901367,0.689728856086731,0.7084763050079346
coronal,38,12382,0.0001,4,0.6403872966766357,0.33701658248901367,0.6869627237319946,0.7168855667114258
coronal,38,12382,0.0001,5,0.5961272716522217,0.33149170875549316,0.680799663066864,0.7278860807418823
coronal,38,12382,0.0001,6,0.5905947685241699,0.38121548295021057,0.6769751310348511,0.7279313802719116
coronal,38,12382,0.0001,7,0.6016597747802734,0.3093922734260559,0.6771200299263,0.7519115805625916
coronal,38,12382,0.0001,8,0.6016597747802734,0.41988950967788696,0.6720864176750183,0.7337079048156738
coronal,39,12383,0.0001,1,0.5117565989494324,0.2596684992313385,0.6995549201965332,0.7203126549720764
coronal,39,12383,0.0001,2,0.5145228505134583,0.3093922734260559,0.6883765459060669,0.7140702605247498
coronal,39,12383,0.0001,3,0.5103734731674194,0.37569060921669006,0.6831890940666199,0.7154167294502258
coronal,39,12383,0.0001,4,0.5366528630256653,0.4033149182796478,0.6772687435150146,0.7155047655105591
coronal,39,12383,0.0001,5,0.5615491271018982,0.4309392273426056,0.6679447293281555,0.7082257270812988
coronal,39,12383,0.0001,6,0.5850622653961182,0.45856353640556335,0.6609968543052673,0.7051244378089905
coronal,39,12383,0.0001,7,0.587828516960144,0.541436493396759,0.6526625752449036,0.6850970983505249
coronal,39,12383,0.0001,8,0.6099585294723511,0.6408839821815491,0.6359467506408691,0.6437456607818604
coronal,40,12384,0.0001,1,0.5242047309875488,0.3038673996925354,0.7034226059913635,0.7036087512969971
coronal,40,12384,0.0001,2,0.4799446761608124,0.2707182466983795,0.6916539669036865,0.7204245328903198
coronal,40,12384,0.0001,3,0.48824343085289,0.4419889450073242,0.6845893263816833,0.7077832221984863
coronal,40,12384,0.0001,4,0.5352697372436523,0.4033149182796478,0.6807527542114258,0.716931939125061
coronal,40,12384,0.0001,5,0.5352697372436523,0.4475138187408447,0.6735213994979858,0.7081933617591858
coronal,40,12384,0.0001,6,0.5712310075759888,0.4033149182796478,0.6637607216835022,0.7309700846672058
coronal,40,12384,0.0001,7,0.6058091521263123,0.4254143536090851,0.6556686758995056,0.7279872298240662
coronal,40,12384,0.0001,8,0.6154910326004028,0.4419889450073242,0.6470404863357544,0.7164475917816162
coronal,41,12385,0.0001,1,0.45366528630256653,0.22651933133602142,0.7012801170349121,0.736890435218811
coronal,41,12385,0.0001,2,0.5408022403717041,0.2983425557613373,0.6904164552688599,0.7250185608863831
coronal,41,12385,0.0001,3,0.5573997497558594,0.3425414264202118,0.685562789440155,0.7371699810028076
coronal,41,12385,0.0001,4,0.589211642742157,0.37569060921669006,0.6799874305725098,0.7412676811218262
coronal,41,12385,0.0001,5,0.5822960138320923,0.4751381278038025,0.6747963428497314,0.7162702083587646
coronal,41,12385,0.0001,6,0.6058091521263123,0.4861878454685211,0.6604048013687134,0.7094259262084961
coronal,41,12385,0.0001,7,0.6293222904205322,0.49723756313323975,0.6509344577789307,0.7015865445137024
coronal,41,12385,0.0001,8,0.6251729130744934,0.5138121843338013,0.6388877034187317,0.69322270154953
coronal,42,12386,0.0001,1,0.3443983495235443,0.8176795840263367,0.6957682371139526,0.6653596758842468
coronal,42,12386,0.0001,2,0.49930843710899353,0.7127071619033813,0.6963496208190918,0.6733865737915039
coronal,42,12386,0.0001,3,0.587828516960144,0.6464088559150696,0.6846856474876404,0.6696698665618896
coronal,42,12386,0.0001,4,0.5587828755378723,0.7403314709663391,0.6781538724899292,0.6389296054840088
coronal,42,12386,0.0001,5,0.5449516177177429,0.7348066568374634,0.6778380274772644,0.6415018439292908
coronal,42,12386,0.0001,6,0.5781466364860535,0.7679557800292969,0.6699796319007874,0.6186208128929138
coronal,42,12386,0.0001,7,0.6016597747802734,0.7900552749633789,0.6563960313796997,0.5942550301551819
coronal,42,12386,0.0001,8,0.6210235357284546,0.7790055274963379,0.6535508632659912,0.5926634073257446
coronal,43,12387,0.0001,1,0.4107883870601654,0.2541436553001404,0.6972752809524536,0.7171373963356018
coronal,43,12387,0.0001,2,0.5795297622680664,0.37016573548316956,0.6907469630241394,0.7076539993286133
coronal,43,12387,0.0001,3,0.5975103974342346,0.3591160178184509,0.6847386956214905,0.7176279425621033
coronal,43,12387,0.0001,4,0.5864453911781311,0.41988950967788696,0.6740885376930237,0.7085180878639221
coronal,43,12387,0.0001,5,0.6154910326004028,0.4751381278038025,0.666755199432373,0.6965200304985046
coronal,43,12387,0.0001,6,0.633471667766571,0.5359116196632385,0.6575537919998169,0.6797700524330139
coronal,43,12387,0.0001,7,0.6417704224586487,0.5690608024597168,0.6447492837905884,0.6707726716995239
coronal,43,12387,0.0001,8,0.6597510576248169,0.6022099256515503,0.6305952668190002,0.6555308103561401
coronal,44,12388,0.0001,1,0.5311203598976135,0.31491711735725403,0.6993312239646912,0.7143458724021912
coronal,44,12388,0.0001,2,0.4840940535068512,0.49723756313323975,0.6880033612251282,0.6937899589538574
coronal,44,12388,0.0001,3,0.5269709825515747,0.49723756313323975,0.681576132774353,0.698621928691864
coronal,44,12388,0.0001,4,0.5684647560119629,0.3977900445461273,0.6735025644302368,0.7318968176841736
coronal,44,12388,0.0001,5,0.5781466364860535,0.4254143536090851,0.6671598553657532,0.7418137788772583
coronal,44,12388,0.0001,6,0.5905947685241699,0.4309392273426056,0.6527690291404724,0.7557175159454346
coronal,44,12388,0.0001,7,0.6154910326004028,0.4364641010761261,0.6386229991912842,0.7548500895500183
coronal,44,12388,0.0001,8,0.6279391646385193,0.4254143536090851,0.6321659088134766,0.8008756041526794
coronal,45,12389,0.0001,1,0.46887966990470886,0.18784530460834503,0.7065414786338806,0.7131040096282959
coronal,45,12389,0.0001,2,0.48962655663490295,0.45856353640556335,0.691503643989563,0.6954861879348755
coronal,45,12389,0.0001,3,0.5643153786659241,0.519336998462677,0.6880389451980591,0.6895485520362854
coronal,45,12389,0.0001,4,0.5366528630256653,0.5082873106002808,0.6852681636810303,0.6880151033401489
coronal,45,12389,0.0001,5,0.5836791396141052,0.6298342347145081,0.6819043159484863,0.6671655774116516
coronal,45,12389,0.0001,6,0.6030429005622864,0.5690608024597168,0.6757315993309021,0.6713753938674927
coronal,45,12389,0.0001,7,0.6224066615104675,0.6298342347145081,0.6685329079627991,0.6528745293617249
coronal,45,12389,0.0001,8,0.5947441458702087,0.7071823477745056,0.6569411158561707,0.6250818967819214
coronal,46,12390,0.0001,1,0.37344399094581604,0.3867403268814087,0.7016738057136536,0.6983174085617065
coronal,46,12390,0.0001,2,0.47164592146873474,0.4861878454685211,0.6909255981445312,0.6951927542686462
coronal,46,12390,0.0001,3,0.46887966990470886,0.5082873106002808,0.6866747736930847,0.6919857859611511
coronal,46,12390,0.0001,4,0.5532503724098206,0.6353591084480286,0.6764280200004578,0.6631341576576233
coronal,46,12390,0.0001,5,0.5698478817939758,0.7348066568374634,0.6640127301216125,0.6312416195869446
coronal,46,12390,0.0001,6,0.5781466364860535,0.6408839821815491,0.6627481579780579,0.6448586583137512
coronal,46,12390,0.0001,7,0.6071922779083252,0.6077347993850708,0.6518073678016663,0.6580190062522888
coronal,46,12390,0.0001,8,0.6251729130744934,0.6795580387115479,0.6374761462211609,0.6178494095802307
coronal,47,12391,0.0001,1,0.4951590597629547,0.2928176820278168,0.6951361298561096,0.7047592997550964
coronal,47,12391,0.0001,2,0.49654218554496765,0.4917127192020416,0.6882941126823425,0.6901147961616516
coronal,47,12391,0.0001,3,0.5601660013198853,0.5524861812591553,0.6828612685203552,0.6743439435958862
coronal,47,12391,0.0001,4,0.5532503724098206,0.4917127192020416,0.6745170950889587,0.682358980178833
coronal,47,12391,0.0001,5,0.5905947685241699,0.580110490322113,0.6650958061218262,0.6629335284233093
coronal,47,12391,0.0001,6,0.5933610200881958,0.6077347993850708,0.6563306450843811,0.6473246812820435
coronal,47,12391,0.0001,7,0.589211642742157,0.6077347993850708,0.6481079459190369,0.6466268301010132
coronal,47,12391,0.0001,8,0.6141079068183899,0.5966851115226746,0.6371256709098816,0.6429629921913147
coronal,48,12392,0.0001,1,0.5380359888076782,0.4364641010761261,0.6990150213241577,0.6972041130065918
coronal,48,12392,0.0001,2,0.5325034856796265,0.4861878454685211,0.6867507100105286,0.6867944002151489
coronal,48,12392,0.0001,3,0.5463347434997559,0.4861878454685211,0.67697674036026,0.690072774887085
coronal,48,12392,0.0001,4,0.5795297622680664,0.4806629717350006,0.6666838526725769,0.6886544227600098
coronal,48,12392,0.0001,5,0.5739972591400146,0.4861878454685211,0.6620686650276184,0.681883692741394
coronal,48,12392,0.0001,6,0.6279391646385193,0.5027624368667603,0.6501702070236206,0.6792058944702148
coronal,48,12392,0.0001,7,0.633471667766571,0.5082873106002808,0.6351966857910156,0.6988935470581055
coronal,48,12392,0.0001,8,0.656984806060791,0.5635359287261963,0.6206685900688171,0.6723548769950867
coronal,49,12393,0.0001,1,0.5739972591400146,0.18232044577598572,0.6981517672538757,0.731935441493988
coronal,49,12393,0.0001,2,0.4564315378665924,0.2707182466983795,0.6886319518089294,0.7279083728790283
coronal,49,12393,0.0001,3,0.5477178692817688,0.33149170875549316,0.6851587295532227,0.7294299602508545
coronal,49,12393,0.0001,4,0.5587828755378723,0.3093922734260559,0.677534282207489,0.7501631379127502
coronal,49,12393,0.0001,5,0.6141079068183899,0.33149170875549316,0.6680124998092651,0.7574395537376404
coronal,49,12393,0.0001,6,0.5850622653961182,0.3535911738872528,0.6622928380966187,0.763465940952301
coronal,49,12393,0.0001,7,0.6307054162025452,0.3535911738872528,0.6455682516098022,0.7869524955749512
coronal,49,12393,0.0001,8,0.633471667766571,0.37569060921669006,0.6409080028533936,0.7707691788673401
coronal,50,12394,0.0001,1,0.6998617053031921,0.28176796436309814,0.6948797106742859,0.7168474793434143
coronal,50,12394,0.0001,2,0.4937759339809418,0.3867403268814087,0.6856870651245117,0.709270179271698
coronal,50,12394,0.0001,3,0.565698504447937,0.32044199109077454,0.6748573780059814,0.743587851524353
coronal,50,12394,0.0001,4,0.5532503724098206,0.38121548295021057,0.6657403111457825,0.7454070448875427
coronal,50,12394,0.0001,5,0.6141079068183899,0.33149170875549316,0.6521465182304382,0.7745979428291321
coronal,50,12394,0.0001,6,0.6376210451126099,0.3425414264202118,0.6330612897872925,0.783715009689331
coronal,50,12394,0.0001,7,0.6362379193305969,0.40883979201316833,0.6283058524131775,0.7789628505706787
coronal,50,12394,0.0001,8,0.6625173091888428,0.4364641010761261,0.6056176424026489,0.7644889950752258
sagittal,1,12345,0.0001,1,0.4674965441226959,0.8176795840263367,0.6931908130645752,0.6107295751571655
sagittal,1,12345,0.0001,2,0.5172891020774841,0.8121547102928162,0.6850658655166626,0.6234092712402344
sagittal,1,12345,0.0001,3,0.6486860513687134,0.7955800890922546,0.6707199811935425,0.5887308120727539
sagittal,1,12345,0.0001,4,0.6293222904205322,0.7734806537628174,0.6480091214179993,0.5687445998191833
sagittal,1,12345,0.0001,5,0.6556016802787781,0.7734806537628174,0.6200914978981018,0.5667229890823364
sagittal,1,12345,0.0001,6,0.7109267115592957,0.7182320356369019,0.5878442525863647,0.5801870226860046
sagittal,1,12345,0.0001,7,0.7385892271995544,0.7237569093704224,0.5627202987670898,0.5769328474998474
sagittal,1,12345,0.0001,8,0.7510373592376709,0.7237569093704224,0.5305783748626709,0.5663124918937683
sagittal,2,12346,0.0001,1,0.7441217303276062,0.5745856165885925,0.6971070170402527,0.6897931694984436
sagittal,2,12346,0.0001,2,0.6901798248291016,0.7071823477745056,0.681679368019104,0.6770470142364502
sagittal,2,12346,0.0001,3,0.6929460763931274,0.5635359287261963,0.6664735674858093,0.6908556818962097
sagittal,2,12346,0.0001,4,0.6735823154449463,0.580110490322113,0.630477249622345,0.6888433694839478
sagittal,2,12346,0.0001,5,0.7192254662513733,0.49723756313323975,0.6037749648094177,0.730576753616333
sagittal,2,12346,0.0001,6,0.7081604599952698,0.5856353640556335,0.600700855255127,0.6829820275306702
sagittal,2,12346,0.0001,7,0.749654233455658,0.6629834175109863,0.5418702960014343,0.6420037746429443
sagittal,2,12346,0.0001,8,0.7593361139297485,0.6464088559150696,0.5413545966148376,0.6540330648422241
sagittal,3,12347,0.0001,1,0.5698478817939758,0.2154696136713028,0.690619170665741,0.7316557168960571
sagittal,3,12347,0.0001,2,0.5809128880500793,0.36464089155197144,0.6802409291267395,0.718743622303009
sagittal,3,12347,0.0001,3,0.6016597747802734,0.6740331649780273,0.6563588380813599,0.6775988340377808
sagittal,3,12347,0.0001,4,0.6431535482406616,0.7182320356369019,0.6363357901573181,0.648635983467102
sagittal,3,12347,0.0001,5,0.7012448310852051,0.7458563446998596,0.6093648076057434,0.6125666499137878
sagittal,3,12347,0.0001,6,0.7316735982894897,0.7569060921669006,0.5782102942466736,0.5464221835136414
sagittal,3,12347,0.0001,7,0.7413554787635803,0.7734806537628174,0.564508318901062,0.5237962007522583
sagittal,3,12347,0.0001,8,0.7634854912757874,0.7569060921669006,0.5434930324554443,0.5295490026473999
sagittal,4,12348,0.0001,1,0.49239280819892883,0.8176795840263367,0.6937525868415833,0.6319119930267334
sagittal,4,12348,0.0001,2,0.6320885419845581,0.8176795840263367,0.6815098524093628,0.6164004802703857
sagittal,4,12348,0.0001,3,0.6403872966766357,0.8121547102928162,0.6647444367408752,0.5808610320091248
sagittal,4,12348,0.0001,4,0.6818810701370239,0.7679557800292969,0.6333662867546082,0.580193042755127
sagittal,4,12348,0.0001,5,0.7233748435974121,0.7182320356369019,0.606005072593689,0.5849044919013977
sagittal,4,12348,0.0001,6,0.7316735982894897,0.7016574740409851,0.5731616616249084,0.5808051228523254
sagittal,4,12348,0.0001,7,0.7316735982894897,0.6685082912445068,0.5651116371154785,0.6015881299972534
sagittal,4,12348,0.0001,8,0.7634854912757874,0.6629834175109863,0.5370118618011475,0.6085247993469238
sagittal,5,12349,0.0001,1,0.5145228505134583,0.7790055274963379,0.6951730251312256,0.6725045442581177
sagittal,5,12349,0.0001,2,0.6237897872924805,0.7513812184333801,0.6748802661895752,0.647039532661438
sagittal,5,12349,0.0001,3,0.6915629506111145,0.7734806537628174,0.6547718048095703,0.6057172417640686
sagittal,5,12349,0.0001,4,0.7275242209434509,0.7955800890922546,0.6161238551139832,0.5393444299697876
sagittal,5,12349,0.0001,5,0.7233748435974121,0.7790055274963379,0.594613790512085,0.5303526520729065
sagittal,5,12349,0.0001,6,0.7316735982894897,0.7900552749633789,0.5718023180961609,0.47781482338905334
sagittal,5,12349,0.0001,7,0.7579529881477356,0.7900552749633789,0.5487619042396545,0.47632667422294617
sagittal,5,12349,0.0001,8,0.749654233455658,0.7900552749633789,0.534921407699585,0.46493420004844666
sagittal,6,12350,0.0001,1,0.5172891020774841,0.7734806537628174,0.6927933692932129,0.6580455899238586
sagittal,6,12350,0.0001,2,0.6832641959190369,0.7569060921669006,0.6760257482528687,0.6383111476898193
sagittal,6,12350,0.0001,3,0.7206085920333862,0.7734806537628174,0.6550928354263306,0.5798538327217102
sagittal,6,12350,0.0001,4,0.7413554787635803,0.7624309659004211,0.6268066763877869,0.5440916419029236
sagittal,6,12350,0.0001,5,0.7289073467254639,0.7624309659004211,0.5935695767402649,0.5123201608657837
sagittal,6,12350,0.0001,6,0.7524204850196838,0.7679557800292969,0.5655256509780884,0.4998442232608795
sagittal,6,12350,0.0001,7,0.7427386045455933,0.7734806537628174,0.5628937482833862,0.48125702142715454
sagittal,6,12350,0.0001,8,0.7607192397117615,0.7679557800292969,0.536518931388855,0.4955732226371765
sagittal,7,12351,0.0001,1,0.7289073467254639,0.2541436553001404,0.6998927593231201,0.6973119378089905
sagittal,7,12351,0.0001,2,0.7759336233139038,0.8121547102928162,0.6908060908317566,0.661603569984436
sagittal,7,12351,0.0001,3,0.8105117678642273,0.8011049628257751,0.6833949685096741,0.652554988861084
sagittal,7,12351,0.0001,4,0.7883817553520203,0.7734806537628174,0.6756810545921326,0.6402196884155273
sagittal,7,12351,0.0001,5,0.7966805100440979,0.7955800890922546,0.6568047404289246,0.6040751934051514
sagittal,7,12351,0.0001,6,0.7413554787635803,0.8232043981552124,0.6479443907737732,0.5696848034858704
sagittal,7,12351,0.0001,7,0.7372061014175415,0.8232043981552124,0.6360739469528198,0.5431151390075684
sagittal,7,12351,0.0001,8,0.7455048561096191,0.8011049628257751,0.6180208325386047,0.5304530262947083
sagittal,8,12352,0.0001,1,0.6265560388565063,0.6298342347145081,0.68831866979599,0.6882729530334473
sagittal,8,12352,0.0001,2,0.6846473217010498,0.6353591084480286,0.674164354801178,0.6817530989646912
sagittal,8,12352,0.0001,3,0.7067773342132568,0.7182320356369019,0.6455628871917725,0.6344544887542725
sagittal,8,12352,0.0001,4,0.7289073467254639,0.6187845468521118,0.607711911201477,0.6868178844451904
sagittal,8,12352,0.0001,5,0.7441217303276062,0.6685082912445068,0.5758642554283142,0.6461795568466187
sagittal,8,12352,0.0001,6,0.7828492522239685,0.6243094205856323,0.5280078053474426,0.6915324330329895
sagittal,8,12352,0.0001,7,0.7662517428398132,0.6740331649780273,0.5188302397727966,0.6452289819717407
sagittal,8,12352,0.0001,8,0.7842323780059814,0.6685082912445068,0.5079693794250488,0.6433042883872986
sagittal,9,12353,0.0001,1,0.6597510576248169,0.8121547102928162,0.6963961720466614,0.6749142408370972
sagittal,9,12353,0.0001,2,0.6058091521263123,0.8176795840263367,0.6893418431282043,0.655951201915741
sagittal,9,12353,0.0001,3,0.680497944355011,0.7679557800292969,0.6757915616035461,0.6431484818458557
sagittal,9,12353,0.0001,4,0.6652835607528687,0.7237569093704224,0.6550331115722656,0.6517497301101685
sagittal,9,12353,0.0001,5,0.6984785795211792,0.6464088559150696,0.6189955472946167,0.6677356362342834
sagittal,9,12353,0.0001,6,0.6970954537391663,0.7071823477745056,0.5995835661888123,0.6391124725341797
sagittal,9,12353,0.0001,7,0.7289073467254639,0.6906077265739441,0.5781762003898621,0.6391893029212952
sagittal,9,12353,0.0001,8,0.748271107673645,0.7182320356369019,0.5432798862457275,0.623106837272644
sagittal,10,12354,0.0001,1,0.6071922779083252,0.7955800890922546,0.6884489059448242,0.6572336554527283
sagittal,10,12354,0.0001,2,0.724757969379425,0.6629834175109863,0.6708072423934937,0.6673300862312317
sagittal,10,12354,0.0001,3,0.7344398498535156,0.6243094205856323,0.6424971222877502,0.6933910250663757
sagittal,10,12354,0.0001,4,0.6984785795211792,0.5580110549926758,0.6105523109436035,0.7222713828086853
sagittal,10,12354,0.0001,5,0.7441217303276062,0.6187845468521118,0.5686076283454895,0.6881040930747986
sagittal,10,12354,0.0001,6,0.7399723529815674,0.6132596731185913,0.5604391098022461,0.7113606333732605
sagittal,10,12354,0.0001,7,0.7800830006599426,0.6132596731185913,0.528722882270813,0.7088039517402649
sagittal,10,12354,0.0001,8,0.7759336233139038,0.6243094205856323,0.5052860975265503,0.6989048719406128
sagittal,11,12355,0.0001,1,0.634854793548584,0.7734806537628174,0.6910059452056885,0.6679468154907227
sagittal,11,12355,0.0001,2,0.6943292021751404,0.7734806537628174,0.6713852882385254,0.6460112929344177
sagittal,11,12355,0.0001,3,0.7372061014175415,0.7071823477745056,0.6447240710258484,0.6469497084617615
sagittal,11,12355,0.0001,4,0.7219917178153992,0.6408839821815491,0.6156352162361145,0.6634137630462646
sagittal,11,12355,0.0001,5,0.724757969379425,0.6850828528404236,0.5837362408638,0.6332579851150513
sagittal,11,12355,0.0001,6,0.7399723529815674,0.7071823477745056,0.5579338073730469,0.6051300168037415
sagittal,11,12355,0.0001,7,0.7289073467254639,0.6685082912445068,0.5542022585868835,0.6436153054237366
sagittal,11,12355,0.0001,8,0.7551867365837097,0.7348066568374634,0.5294222235679626,0.5753840208053589
sagittal,12,12356,0.0001,1,0.6071922779083252,0.22651933133602142,0.691230058670044,0.7193957567214966
sagittal,12,12356,0.0001,2,0.5615491271018982,0.5138121843338013,0.678704023361206,0.6964249610900879
sagittal,12,12356,0.0001,3,0.6625173091888428,0.6850828528404236,0.6479842662811279,0.6442513465881348
sagittal,12,12356,0.0001,4,0.6777316927909851,0.7458563446998596,0.621003270149231,0.5896753072738647
sagittal,12,12356,0.0001,5,0.7123098373413086,0.7790055274963379,0.6013218760490417,0.5550512075424194
sagittal,12,12356,0.0001,6,0.7316735982894897,0.7900552749633789,0.5663174986839294,0.5308699011802673
sagittal,12,12356,0.0001,7,0.748271107673645,0.7679557800292969,0.5476362109184265,0.5236065983772278
sagittal,12,12356,0.0001,8,0.7690179944038391,0.7624309659004211,0.5240515470504761,0.5247204303741455
sagittal,13,12357,0.0001,1,0.5726141333580017,0.46408841013908386,0.6914678812026978,0.6972919702529907
sagittal,13,12357,0.0001,2,0.6708160638809204,0.6795580387115479,0.6717855930328369,0.6704363226890564
sagittal,13,12357,0.0001,3,0.7275242209434509,0.7348066568374634,0.6423997282981873,0.629115641117096
sagittal,13,12357,0.0001,4,0.7081604599952698,0.7624309659004211,0.6187931299209595,0.588565468788147
sagittal,13,12357,0.0001,5,0.724757969379425,0.7458563446998596,0.5953620076179504,0.5774053335189819
sagittal,13,12357,0.0001,6,0.7441217303276062,0.7569060921669006,0.5628622174263,0.5681028366088867
sagittal,13,12357,0.0001,7,0.748271107673645,0.7569060921669006,0.5502920746803284,0.5573690533638
sagittal,13,12357,0.0001,8,0.7828492522239685,0.7513812184333801,0.516899585723877,0.5285616517066956
sagittal,14,12358,0.0001,1,0.6887966990470886,0.36464089155197144,0.6907426118850708,0.7041353583335876
sagittal,14,12358,0.0001,2,0.6860304474830627,0.3977900445461273,0.6761489510536194,0.7159045934677124
sagittal,14,12358,0.0001,3,0.6832641959190369,0.5248618721961975,0.6496341228485107,0.7024386525154114
sagittal,14,12358,0.0001,4,0.7289073467254639,0.5966851115226746,0.6101462841033936,0.6759403944015503
sagittal,14,12358,0.0001,5,0.7372061014175415,0.6629834175109863,0.585893988609314,0.6339325308799744
sagittal,14,12358,0.0001,6,0.7621023654937744,0.7182320356369019,0.5571094751358032,0.5843686461448669
sagittal,14,12358,0.0001,7,0.7607192397117615,0.6961326003074646,0.5389353036880493,0.6142876148223877
sagittal,14,12358,0.0001,8,0.7648686170578003,0.7016574740409851,0.5292091965675354,0.5921788215637207
sagittal,15,12359,0.0001,1,0.5352697372436523,0.32044199109077454,0.6941823959350586,0.7047201991081238
sagittal,15,12359,0.0001,2,0.6390041708946228,0.45303866267204285,0.68267422914505,0.700852632522583
sagittal,15,12359,0.0001,3,0.6210235357284546,0.7182320356369019,0.6636926531791687,0.6456417441368103
sagittal,15,12359,0.0001,4,0.633471667766571,0.7734806537628174,0.6404957175254822,0.6092738509178162
sagittal,15,12359,0.0001,5,0.7136929631233215,0.8066298365592957,0.607332706451416,0.5453529357910156
sagittal,15,12359,0.0001,6,0.7413554787635803,0.8066298365592957,0.5752935409545898,0.5175033211708069
sagittal,15,12359,0.0001,7,0.726141095161438,0.8011049628257751,0.5454882979393005,0.5021907687187195
sagittal,15,12359,0.0001,8,0.748271107673645,0.7900552749633789,0.5262096524238586,0.4949648976325989
sagittal,16,12360,0.0001,1,0.679114818572998,0.40883979201316833,0.6932647228240967,0.7024521231651306
sagittal,16,12360,0.0001,2,0.5034578442573547,0.4475138187408447,0.6795216798782349,0.7101233601570129
sagittal,16,12360,0.0001,3,0.5933610200881958,0.37016573548316956,0.6552388072013855,0.7462314963340759
sagittal,16,12360,0.0001,4,0.6237897872924805,0.3922652006149292,0.6282520294189453,0.7800152897834778
sagittal,16,12360,0.0001,5,0.6818810701370239,0.4917127192020416,0.6022935509681702,0.7449303865432739
sagittal,16,12360,0.0001,6,0.724757969379425,0.519336998462677,0.5682275891304016,0.7537546753883362
sagittal,16,12360,0.0001,7,0.7289073467254639,0.5635359287261963,0.5623807311058044,0.7249247431755066
sagittal,16,12360,0.0001,8,0.7607192397117615,0.6132596731185913,0.5284419655799866,0.6952257752418518
sagittal,17,12361,0.0001,1,0.5905947685241699,0.33701658248901367,0.6931779384613037,0.7099621295928955
sagittal,17,12361,0.0001,2,0.5961272716522217,0.4033149182796478,0.6710859537124634,0.7147147059440613
sagittal,17,12361,0.0001,3,0.6486860513687134,0.530386745929718,0.6520165801048279,0.6886119246482849
sagittal,17,12361,0.0001,4,0.6694329380989075,0.7348066568374634,0.6253626346588135,0.6101707816123962
sagittal,17,12361,0.0001,5,0.7206085920333862,0.7679557800292969,0.6052141189575195,0.5732070207595825
sagittal,17,12361,0.0001,6,0.7316735982894897,0.7845304012298584,0.5690520405769348,0.5367822647094727
sagittal,17,12361,0.0001,7,0.7551867365837097,0.8066298365592957,0.555805504322052,0.506715714931488
sagittal,17,12361,0.0001,8,0.7427386045455933,0.7955800890922546,0.5496141314506531,0.5346754789352417
sagittal,18,12362,0.0001,1,0.6860304474830627,0.2596684992313385,0.6911598443984985,0.7172595858573914
sagittal,18,12362,0.0001,2,0.6597510576248169,0.40883979201316833,0.6777067184448242,0.7145774364471436
sagittal,18,12362,0.0001,3,0.6542185544967651,0.36464089155197144,0.6564368009567261,0.7448301315307617
sagittal,18,12362,0.0001,4,0.6611341834068298,0.5248618721961975,0.64165198802948,0.7192806601524353
sagittal,18,12362,0.0001,5,0.726141095161438,0.5745856165885925,0.6050623059272766,0.7012872695922852
sagittal,18,12362,0.0001,6,0.7192254662513733,0.6408839821815491,0.5885131359100342,0.6743809580802917
sagittal,18,12362,0.0001,7,0.7579529881477356,0.5745856165885925,0.5512185096740723,0.7180615067481995
sagittal,18,12362,0.0001,8,0.7302904725074768,0.6850828528404236,0.5500856637954712,0.6145671010017395
sagittal,19,12363,0.0001,1,0.565698504447937,0.7292817831039429,0.6901673674583435,0.6524056196212769
sagittal,19,12363,0.0001,2,0.6680498123168945,0.7237569093704224,0.6581913828849792,0.6466612219810486
sagittal,19,12363,0.0001,3,0.6832641959190369,0.7458563446998596,0.6198037266731262,0.6299446821212769
sagittal,19,12363,0.0001,4,0.7206085920333862,0.7403314709663391,0.582754909992218,0.6279661655426025
sagittal,19,12363,0.0001,5,0.7565698623657227,0.6519337296485901,0.5503181219100952,0.670365035533905
sagittal,19,12363,0.0001,6,0.7759336233139038,0.7513812184333801,0.5271947383880615,0.6074157953262329
sagittal,19,12363,0.0001,7,0.7676348686218262,0.7127071619033813,0.5324883460998535,0.6400410532951355
sagittal,19,12363,0.0001,8,0.7869986295700073,0.7348066568374634,0.49568790197372437,0.5970345735549927
sagittal,20,12364,0.0001,1,0.6071922779083252,0.19337016344070435,0.6906008124351501,0.7362990379333496
sagittal,20,12364,0.0001,2,0.5975103974342346,0.3480663001537323,0.6687576770782471,0.7321125864982605
sagittal,20,12364,0.0001,3,0.6556016802787781,0.4806629717350006,0.6410060524940491,0.7278098464012146
sagittal,20,12364,0.0001,4,0.724757969379425,0.6022099256515503,0.6117865443229675,0.688194751739502
sagittal,20,12364,0.0001,5,0.7441217303276062,0.6961326003074646,0.5754067301750183,0.6346824765205383
sagittal,20,12364,0.0001,6,0.7427386045455933,0.7624309659004211,0.5594910979270935,0.5660398006439209
sagittal,20,12364,0.0001,7,0.7510373592376709,0.7624309659004211,0.530387818813324,0.5698687434196472
sagittal,20,12364,0.0001,8,0.7759336233139038,0.7624309659004211,0.5079181790351868,0.540045440196991
sagittal,21,12365,0.0001,1,0.5089903473854065,0.8232043981552124,0.6933268904685974,0.629209578037262
sagittal,21,12365,0.0001,2,0.6486860513687134,0.8011049628257751,0.6736559271812439,0.6124129891395569
sagittal,21,12365,0.0001,3,0.6915629506111145,0.8066298365592957,0.6481137871742249,0.5591292977333069
sagittal,21,12365,0.0001,4,0.7067773342132568,0.7955800890922546,0.6111801862716675,0.5204041600227356
sagittal,21,12365,0.0001,5,0.7192254662513733,0.8011049628257751,0.597567081451416,0.4936988353729248
sagittal,21,12365,0.0001,6,0.7372061014175415,0.8066298365592957,0.5702467560768127,0.4764566123485565
sagittal,21,12365,0.0001,7,0.7662517428398132,0.8011049628257751,0.5444763898849487,0.46395254135131836
sagittal,21,12365,0.0001,8,0.7648686170578003,0.8011049628257751,0.534295916557312,0.455310195684433
sagittal,22,12366,0.0001,1,0.6735823154449463,0.6850828528404236,0.6935741901397705,0.6807376146316528
sagittal,22,12366,0.0001,2,0.7123098373413086,0.6906077265739441,0.672490119934082,0.6603503823280334
sagittal,22,12366,0.0001,3,0.7136929631233215,0.7071823477745056,0.6518137454986572,0.6407092213630676
sagittal,22,12366,0.0001,4,0.7178423404693604,0.7071823477745056,0.6125215888023376,0.5908767580986023
sagittal,22,12366,0.0001,5,0.7219917178153992,0.7016574740409851,0.591349720954895,0.5759302377700806
sagittal,22,12366,0.0001,6,0.7413554787635803,0.7569060921669006,0.5689369440078735,0.5303953886032104
sagittal,22,12366,0.0001,7,0.7275242209434509,0.7569060921669006,0.5609539151191711,0.5249724984169006
sagittal,22,12366,0.0001,8,0.7468879818916321,0.7458563446998596,0.5441786050796509,0.5473974943161011
sagittal,23,12367,0.0001,1,0.5947441458702087,0.1767955869436264,0.6877606511116028,0.7587358951568604
sagittal,23,12367,0.0001,2,0.565698504447937,0.18784530460834503,0.6712785959243774,0.7762708067893982
sagittal,23,12367,0.0001,3,0.6224066615104675,0.27624309062957764,0.6319115161895752,0.8212264180183411
sagittal,23,12367,0.0001,4,0.6901798248291016,0.4861878454685211,0.5934906005859375,0.7637433409690857
sagittal,23,12367,0.0001,5,0.749654233455658,0.530386745929718,0.5569299459457397,0.7749343514442444
sagittal,23,12367,0.0001,6,0.7690179944038391,0.5359116196632385,0.5253954529762268,0.7793644666671753
sagittal,23,12367,0.0001,7,0.7814661264419556,0.5690608024597168,0.5030484199523926,0.7718589901924133
sagittal,23,12367,0.0001,8,0.7966805100440979,0.591160237789154,0.47899481654167175,0.7321591973304749
sagittal,24,12368,0.0001,1,0.49930843710899353,0.8066298365592957,0.6926174163818359,0.6635822057723999
sagittal,24,12368,0.0001,2,0.6860304474830627,0.7348066568374634,0.6783958673477173,0.6591996550559998
sagittal,24,12368,0.0001,3,0.6473029255867004,0.7679557800292969,0.6572051644325256,0.6170316934585571
sagittal,24,12368,0.0001,4,0.6915629506111145,0.7734806537628174,0.6309677958488464,0.5727542638778687
sagittal,24,12368,0.0001,5,0.6860304474830627,0.7292817831039429,0.6059532165527344,0.5729796886444092
sagittal,24,12368,0.0001,6,0.7219917178153992,0.7679557800292969,0.5789824724197388,0.5267195105552673
sagittal,24,12368,0.0001,7,0.7358229756355286,0.7734806537628174,0.5639730095863342,0.5207223892211914
sagittal,24,12368,0.0001,8,0.748271107673645,0.7569060921669006,0.5422194600105286,0.5309602618217468
sagittal,25,12369,0.0001,1,0.5739972591400146,0.7790055274963379,0.6917404532432556,0.6647980809211731
sagittal,25,12369,0.0001,2,0.5006915926933289,0.7845304012298584,0.6776742339134216,0.6228014826774597
sagittal,25,12369,0.0001,3,0.565698504447937,0.7513812184333801,0.6565772294998169,0.6234392523765564
sagittal,25,12369,0.0001,4,0.6210235357284546,0.7016574740409851,0.6252567172050476,0.6212839484214783
sagittal,25,12369,0.0001,5,0.6708160638809204,0.6961326003074646,0.5991662740707397,0.6155967712402344
sagittal,25,12369,0.0001,6,0.7372061014175415,0.6850828528404236,0.5691729187965393,0.6308510899543762
sagittal,25,12369,0.0001,7,0.7385892271995544,0.6906077265739441,0.5484774708747864,0.6229721307754517
sagittal,25,12369,0.0001,8,0.7634854912757874,0.7071823477745056,0.5202562808990479,0.5962365865707397
sagittal,26,12370,0.0001,1,0.4591977894306183,0.7900552749633789,0.6976172924041748,0.6806544661521912
sagittal,26,12370,0.0001,2,0.5560166239738464,0.8176795840263367,0.6815823912620544,0.6631776094436646
sagittal,26,12370,0.0001,3,0.6058091521263123,0.8011049628257751,0.6651298999786377,0.6284257173538208
sagittal,26,12370,0.0001,4,0.6611341834068298,0.7458563446998596,0.6438502669334412,0.6286152601242065
sagittal,26,12370,0.0001,5,0.6694329380989075,0.7679557800292969,0.6164801716804504,0.5858656167984009
sagittal,26,12370,0.0001,6,0.6998617053031921,0.7734806537628174,0.5994596481323242,0.5719519853591919
sagittal,26,12370,0.0001,7,0.7123098373413086,0.7790055274963379,0.5830579996109009,0.5654810070991516
sagittal,26,12370,0.0001,8,0.7468879818916321,0.7624309659004211,0.5541833639144897,0.5491062998771667
sagittal,27,12371,0.0001,1,0.5228216052055359,0.6850828528404236,0.6954283118247986,0.6857038736343384
sagittal,27,12371,0.0001,2,0.5560166239738464,0.7900552749633789,0.6849924921989441,0.6560332775115967
sagittal,27,12371,0.0001,3,0.6182572841644287,0.8232043981552124,0.6664537191390991,0.6152678728103638
sagittal,27,12371,0.0001,4,0.6556016802787781,0.8342541456222534,0.6452715992927551,0.560711681842804
sagittal,27,12371,0.0001,5,0.6666666865348816,0.8287292718887329,0.6236136555671692,0.5253806114196777
sagittal,27,12371,0.0001,6,0.7441217303276062,0.8232043981552124,0.585515558719635,0.49099427461624146
sagittal,27,12371,0.0001,7,0.7551867365837097,0.8176795840263367,0.5516133904457092,0.46637290716171265
sagittal,27,12371,0.0001,8,0.724757969379425,0.8121547102928162,0.5548418760299683,0.4647524952888489
sagittal,28,12372,0.0001,1,0.6846473217010498,0.6740331649780273,0.6899998188018799,0.6727414727210999
sagittal,28,12372,0.0001,2,0.6445366740226746,0.5248618721961975,0.6625551581382751,0.6904385685920715
sagittal,28,12372,0.0001,3,0.6846473217010498,0.5082873106002808,0.622067391872406,0.7111779451370239
sagittal,28,12372,0.0001,4,0.704011082649231,0.5635359287261963,0.5892955660820007,0.71219801902771
sagittal,28,12372,0.0001,5,0.7275242209434509,0.591160237789154,0.5732126235961914,0.7105126976966858
sagittal,28,12372,0.0001,6,0.7441217303276062,0.6187845468521118,0.5546057224273682,0.700439453125
sagittal,28,12372,0.0001,7,0.7565698623657227,0.6740331649780273,0.5451751947402954,0.6365364193916321
sagittal,28,12372,0.0001,8,0.7897648811340332,0.6795580387115479,0.5041695237159729,0.6243256330490112
sagittal,29,12373,0.0001,1,0.6625173091888428,0.3977900445461273,0.6897748708724976,0.7058038711547852
sagittal,29,12373,0.0001,2,0.6099585294723511,0.541436493396759,0.6684079766273499,0.69815593957901
sagittal,29,12373,0.0001,3,0.6874135732650757,0.4475138187408447,0.6351709365844727,0.7371315360069275
sagittal,29,12373,0.0001,4,0.7302904725074768,0.5138121843338013,0.6057589650154114,0.7202023863792419
sagittal,29,12373,0.0001,5,0.7344398498535156,0.49723756313323975,0.5809851884841919,0.7497717142105103
sagittal,29,12373,0.0001,6,0.7607192397117615,0.5966851115226746,0.5530367493629456,0.7023088932037354
sagittal,29,12373,0.0001,7,0.7690179944038391,0.6077347993850708,0.5292925834655762,0.7016542553901672
sagittal,29,12373,0.0001,8,0.7897648811340332,0.6298342347145081,0.5110143423080444,0.6657541394233704
sagittal,30,12374,0.0001,1,0.7136929631233215,0.3480663001537323,0.6927301287651062,0.7084633708000183
sagittal,30,12374,0.0001,2,0.6251729130744934,0.4033149182796478,0.6676474213600159,0.7227036952972412
sagittal,30,12374,0.0001,3,0.6763485670089722,0.7071823477745056,0.6408249735832214,0.6506072282791138
sagittal,30,12374,0.0001,4,0.7289073467254639,0.7071823477745056,0.603116512298584,0.5976068377494812
sagittal,30,12374,0.0001,5,0.7468879818916321,0.7127071619033813,0.5687935948371887,0.6072263121604919
sagittal,30,12374,0.0001,6,0.7413554787635803,0.6850828528404236,0.5376748442649841,0.6309859156608582
sagittal,30,12374,0.0001,7,0.7634854912757874,0.6906077265739441,0.5268793702125549,0.6249174475669861
sagittal,30,12374,0.0001,8,0.7593361139297485,0.7071823477745056,0.5154215693473816,0.5790523290634155
sagittal,31,12375,0.0001,1,0.7095435857772827,0.19889502227306366,0.6871989369392395,0.7318862080574036
sagittal,31,12375,0.0001,2,0.5726141333580017,0.4364641010761261,0.6719500422477722,0.7157568335533142
sagittal,31,12375,0.0001,3,0.6141079068183899,0.5635359287261963,0.6477447748184204,0.7068461179733276
sagittal,31,12375,0.0001,4,0.6680498123168945,0.6629834175109863,0.6177951097488403,0.6555706262588501
sagittal,31,12375,0.0001,5,0.7012448310852051,0.7071823477745056,0.5861687064170837,0.6236971616744995
sagittal,31,12375,0.0001,6,0.749654233455658,0.7182320356369019,0.560495138168335,0.5951072573661804
sagittal,31,12375,0.0001,7,0.7358229756355286,0.7237569093704224,0.5337540507316589,0.5834817886352539
sagittal,31,12375,0.0001,8,0.7676348686218262,0.7348066568374634,0.511766254901886,0.5521122217178345
sagittal,32,12376,0.0001,1,0.5062240958213806,0.6850828528404236,0.6986113786697388,0.6789001822471619
sagittal,32,12376,0.0001,2,0.6141079068183899,0.7127071619033813,0.6785447001457214,0.6587122082710266
sagittal,32,12376,0.0001,3,0.612724781036377,0.7513812184333801,0.6616407632827759,0.6107925772666931
sagittal,32,12376,0.0001,4,0.6887966990470886,0.7900552749633789,0.6380656957626343,0.5584620237350464
sagittal,32,12376,0.0001,5,0.7123098373413086,0.7845304012298584,0.6171253323554993,0.5370959043502808
sagittal,32,12376,0.0001,6,0.748271107673645,0.8121547102928162,0.5838721990585327,0.49149152636528015
sagittal,32,12376,0.0001,7,0.7731673717498779,0.7790055274963379,0.5609216094017029,0.49063190817832947
sagittal,32,12376,0.0001,8,0.749654233455658,0.7900552749633789,0.5584807991981506,0.48152273893356323
sagittal,33,12377,0.0001,1,0.4868603050708771,0.7624309659004211,0.7019749283790588,0.668380081653595
sagittal,33,12377,0.0001,2,0.6376210451126099,0.7790055274963379,0.6779237985610962,0.6355708241462708
sagittal,33,12377,0.0001,3,0.6279391646385193,0.7955800890922546,0.6622732877731323,0.5952123999595642
sagittal,33,12377,0.0001,4,0.6514523029327393,0.7955800890922546,0.6376513838768005,0.5513651967048645
sagittal,33,12377,0.0001,5,0.6984785795211792,0.7624309659004211,0.6138966083526611,0.5497165322303772
sagittal,33,12377,0.0001,6,0.7164592146873474,0.7348066568374634,0.5870585441589355,0.5373954176902771
sagittal,33,12377,0.0001,7,0.7233748435974121,0.7292817831039429,0.5713711380958557,0.5459428429603577
sagittal,33,12377,0.0001,8,0.7427386045455933,0.7348066568374634,0.5569304823875427,0.5232974290847778
sagittal,34,12378,0.0001,1,0.7053942084312439,0.18784530460834503,0.6913208365440369,0.7342466115951538
sagittal,34,12378,0.0001,2,0.5961272716522217,0.4033149182796478,0.667025625705719,0.7238295674324036
sagittal,34,12378,0.0001,3,0.704011082649231,0.6298342347145081,0.6372713446617126,0.6711177229881287
sagittal,34,12378,0.0001,4,0.7316735982894897,0.5690608024597168,0.6068965196609497,0.6966704726219177
sagittal,34,12378,0.0001,5,0.7731673717498779,0.6022099256515503,0.5686995983123779,0.7043266892433167
sagittal,34,12378,0.0001,6,0.749654233455658,0.6464088559150696,0.5506068468093872,0.673737108707428
sagittal,34,12378,0.0001,7,0.7607192397117615,0.6795580387115479,0.5351566672325134,0.6603330373764038
sagittal,34,12378,0.0001,8,0.7786998748779297,0.6685082912445068,0.5059101581573486,0.6679086685180664
sagittal,35,12379,0.0001,1,0.5048409700393677,0.8232043981552124,0.6858788728713989,0.5860677361488342
sagittal,35,12379,0.0001,2,0.6307054162025452,0.8011049628257751,0.6597719788551331,0.5505367517471313
sagittal,35,12379,0.0001,3,0.6846473217010498,0.7900552749633789,0.6300030946731567,0.5356806516647339
sagittal,35,12379,0.0001,4,0.7109267115592957,0.7955800890922546,0.5891212224960327,0.4937424659729004
sagittal,35,12379,0.0001,5,0.7510373592376709,0.7790055274963379,0.5613102316856384,0.47702735662460327
sagittal,35,12379,0.0001,6,0.7538036108016968,0.7790055274963379,0.5438148975372314,0.4629662334918976
sagittal,35,12379,0.0001,7,0.7731673717498779,0.7900552749633789,0.5164250135421753,0.4566768705844879
sagittal,35,12379,0.0001,8,0.7731673717498779,0.8011049628257751,0.5067013502120972,0.44970133900642395
sagittal,36,12380,0.0001,1,0.6044260263442993,0.7127071619033813,0.6928866505622864,0.6718072295188904
sagittal,36,12380,0.0001,2,0.6016597747802734,0.6353591084480286,0.6733776926994324,0.669402539730072
sagittal,36,12380,0.0001,3,0.6597510576248169,0.5524861812591553,0.6443144083023071,0.7008846402168274
sagittal,36,12380,0.0001,4,0.6984785795211792,0.6132596731185913,0.6068175435066223,0.6847627758979797
sagittal,36,12380,0.0001,5,0.7192254662513733,0.6519337296485901,0.5758591294288635,0.6584106087684631
sagittal,36,12380,0.0001,6,0.7621023654937744,0.6574585437774658,0.5367048978805542,0.6861363053321838
sagittal,36,12380,0.0001,7,0.748271107673645,0.6464088559150696,0.5251013040542603,0.6870983242988586
sagittal,36,12380,0.0001,8,0.7883817553520203,0.6353591084480286,0.5103404521942139,0.7082900404930115
sagittal,37,12381,0.0001,1,0.7455048561096191,0.4806629717350006,0.6942571997642517,0.6919612288475037
sagittal,37,12381,0.0001,2,0.7012448310852051,0.5580110549926758,0.6787623763084412,0.6820265054702759
sagittal,37,12381,0.0001,3,0.6514523029327393,0.6187845468521118,0.6570455431938171,0.6648985147476196
sagittal,37,12381,0.0001,4,0.724757969379425,0.7403314709663391,0.6218384504318237,0.5865653157234192
sagittal,37,12381,0.0001,5,0.6901798248291016,0.7624309659004211,0.601174533367157,0.5590115785598755
sagittal,37,12381,0.0001,6,0.7233748435974121,0.7790055274963379,0.568949282169342,0.5290172696113586
sagittal,37,12381,0.0001,7,0.7510373592376709,0.7624309659004211,0.5552843809127808,0.53346848487854
sagittal,37,12381,0.0001,8,0.7565698623657227,0.7403314709663391,0.5321053266525269,0.5551024079322815
sagittal,38,12382,0.0001,1,0.6417704224586487,0.18232044577598572,0.6965682506561279,0.736918568611145
sagittal,38,12382,0.0001,2,0.5504841208457947,0.4309392273426056,0.6898061633110046,0.6997213363647461
sagittal,38,12382,0.0001,3,0.6528354287147522,0.24861878156661987,0.6730678677558899,0.7340002059936523
sagittal,38,12382,0.0001,4,0.6265560388565063,0.41436463594436646,0.6599340438842773,0.7199293971061707
sagittal,38,12382,0.0001,5,0.6542185544967651,0.6740331649780273,0.6332583427429199,0.652272641658783
sagittal,38,12382,0.0001,6,0.6818810701370239,0.7292817831039429,0.6127354502677917,0.6128265857696533
sagittal,38,12382,0.0001,7,0.7455048561096191,0.7403314709663391,0.5773550868034363,0.5783395767211914
sagittal,38,12382,0.0001,8,0.749654233455658,0.7458563446998596,0.5459463596343994,0.5599198341369629
sagittal,39,12383,0.0001,1,0.5726141333580017,0.27624309062957764,0.694556713104248,0.7061676383018494
sagittal,39,12383,0.0001,2,0.5739972591400146,0.6519337296485901,0.6845265626907349,0.6839156746864319
sagittal,39,12383,0.0001,3,0.6556016802787781,0.7127071619033813,0.6724064350128174,0.6633091568946838
sagittal,39,12383,0.0001,4,0.680497944355011,0.7900552749633789,0.648512601852417,0.5734428763389587
sagittal,39,12383,0.0001,5,0.7053942084312439,0.7955800890922546,0.6163377165794373,0.5204101800918579
sagittal,39,12383,0.0001,6,0.7441217303276062,0.8066298365592957,0.5908900499343872,0.47983548045158386
sagittal,39,12383,0.0001,7,0.7275242209434509,0.8121547102928162,0.5725771188735962,0.4629281461238861
sagittal,39,12383,0.0001,8,0.7455048561096191,0.7900552749633789,0.5470483303070068,0.45457518100738525
sagittal,40,12384,0.0001,1,0.4951590597629547,0.1712707132101059,0.6949909925460815,0.7244417667388916
sagittal,40,12384,0.0001,2,0.5504841208457947,0.5856353640556335,0.6748786568641663,0.6855648159980774
sagittal,40,12384,0.0001,3,0.6030429005622864,0.6574585437774658,0.6501570343971252,0.6646897196769714
sagittal,40,12384,0.0001,4,0.6846473217010498,0.7845304012298584,0.6040821075439453,0.5432447195053101
sagittal,40,12384,0.0001,5,0.7372061014175415,0.7900552749633789,0.5693435072898865,0.508385956287384
sagittal,40,12384,0.0001,6,0.7441217303276062,0.7845304012298584,0.5406208634376526,0.5043136477470398
sagittal,40,12384,0.0001,7,0.7745504975318909,0.7624309659004211,0.5285390019416809,0.5272833704948425
sagittal,40,12384,0.0001,8,0.7966805100440979,0.7845304012298584,0.4871130585670471,0.504041850566864
sagittal,41,12385,0.0001,1,0.5961272716522217,0.27624309062957764,0.6909173727035522,0.7206483483314514
sagittal,41,12385,0.0001,2,0.658367931842804,0.541436493396759,0.6710651516914368,0.698495626449585
sagittal,41,12385,0.0001,3,0.6777316927909851,0.6353591084480286,0.6454257369041443,0.6781938076019287
sagittal,41,12385,0.0001,4,0.7192254662513733,0.6850828528404236,0.6128205060958862,0.6433559656143188
sagittal,41,12385,0.0001,5,0.7385892271995544,0.6850828528404236,0.5926172137260437,0.6531078815460205
sagittal,41,12385,0.0001,6,0.7786998748779297,0.7016574740409851,0.5562654137611389,0.6269684433937073
sagittal,41,12385,0.0001,7,0.7745504975318909,0.7458563446998596,0.5337972044944763,0.5844786167144775
sagittal,41,12385,0.0001,8,0.770401120185852,0.7016574740409851,0.5339330434799194,0.6346355676651001
sagittal,42,12386,0.0001,1,0.45781466364860535,0.8232043981552124,0.6897514462471008,0.6499916911125183
sagittal,42,12386,0.0001,2,0.5573997497558594,0.7900552749633789,0.6805263757705688,0.6377373933792114
sagittal,42,12386,0.0001,3,0.6708160638809204,0.7900552749633789,0.6630324125289917,0.5959928035736084
sagittal,42,12386,0.0001,4,0.7095435857772827,0.8011049628257751,0.6328543424606323,0.5288243293762207
sagittal,42,12386,0.0001,5,0.6998617053031921,0.7845304012298584,0.6081619262695312,0.5280816555023193
sagittal,42,12386,0.0001,6,0.7302904725074768,0.7900552749633789,0.5743271708488464,0.5036547183990479
sagittal,42,12386,0.0001,7,0.7372061014175415,0.7292817831039429,0.547356128692627,0.5216371417045593
sagittal,42,12386,0.0001,8,0.748271107673645,0.7513812184333801,0.5397263765335083,0.5088013410568237
sagittal,43,12387,0.0001,1,0.46473029255867004,0.6132596731185913,0.6927849650382996,0.6831446290016174
sagittal,43,12387,0.0001,2,0.6251729130744934,0.6187845468521118,0.6776701211929321,0.6782569289207458
sagittal,43,12387,0.0001,3,0.6154910326004028,0.7845304012298584,0.6593909859657288,0.6188766360282898
sagittal,43,12387,0.0001,4,0.704011082649231,0.7790055274963379,0.6283462643623352,0.5619986057281494
sagittal,43,12387,0.0001,5,0.748271107673645,0.8011049628257751,0.5950644016265869,0.5081911683082581
sagittal,43,12387,0.0001,6,0.7385892271995544,0.7845304012298584,0.5833213329315186,0.5090842843055725
sagittal,43,12387,0.0001,7,0.749654233455658,0.7790055274963379,0.5646235942840576,0.49504631757736206
sagittal,43,12387,0.0001,8,0.771784245967865,0.7900552749633789,0.538440465927124,0.4801521599292755
sagittal,44,12388,0.0001,1,0.5809128880500793,0.5635359287261963,0.693907618522644,0.6876057982444763
sagittal,44,12388,0.0001,2,0.6154910326004028,0.519336998462677,0.6763397455215454,0.6914781332015991
sagittal,44,12388,0.0001,3,0.6320885419845581,0.3480663001537323,0.6534064412117004,0.7477819919586182
sagittal,44,12388,0.0001,4,0.6500691771507263,0.4033149182796478,0.6266375780105591,0.7444773316383362
sagittal,44,12388,0.0001,5,0.7067773342132568,0.3867403268814087,0.6002013087272644,0.789222002029419
sagittal,44,12388,0.0001,6,0.7150760889053345,0.5745856165885925,0.5785980224609375,0.6993535161018372
sagittal,44,12388,0.0001,7,0.748271107673645,0.5745856165885925,0.557383120059967,0.7039027810096741
sagittal,44,12388,0.0001,8,0.7399723529815674,0.5248618721961975,0.5357580184936523,0.7491223216056824
sagittal,45,12389,0.0001,1,0.6099585294723511,0.6022099256515503,0.6992546319961548,0.6924730539321899
sagittal,45,12389,0.0001,2,0.7219917178153992,0.8232043981552124,0.6907462477684021,0.6707847714424133
sagittal,45,12389,0.0001,3,0.6749654412269592,0.7790055274963379,0.6880057454109192,0.670114278793335
sagittal,45,12389,0.0001,4,0.7289073467254639,0.8011049628257751,0.6804081201553345,0.6420162916183472
sagittal,45,12389,0.0001,5,0.7206085920333862,0.7790055274963379,0.6757850646972656,0.6280611753463745
sagittal,45,12389,0.0001,6,0.7468879818916321,0.7900552749633789,0.6574057340621948,0.5880640149116516
sagittal,45,12389,0.0001,7,0.7164592146873474,0.7845304012298584,0.6410358548164368,0.5623672008514404
sagittal,45,12389,0.0001,8,0.7095435857772827,0.7955800890922546,0.6236606240272522,0.5472683310508728
sagittal,46,12390,0.0001,1,0.38035961985588074,0.7790055274963379,0.6990686058998108,0.6631843447685242
sagittal,46,12390,0.0001,2,0.5463347434997559,0.7624309659004211,0.6789320111274719,0.6376678943634033
sagittal,46,12390,0.0001,3,0.6224066615104675,0.8066298365592957,0.6519191861152649,0.5506002902984619
sagittal,46,12390,0.0001,4,0.633471667766571,0.7955800890922546,0.6295508742332458,0.5333529114723206
sagittal,46,12390,0.0001,5,0.6832641959190369,0.7845304012298584,0.5965114235877991,0.5177064538002014
sagittal,46,12390,0.0001,6,0.7109267115592957,0.7624309659004211,0.5636190176010132,0.5221947431564331
sagittal,46,12390,0.0001,7,0.7372061014175415,0.7734806537628174,0.5609714984893799,0.49697792530059814
sagittal,46,12390,0.0001,8,0.7524204850196838,0.7790055274963379,0.516709566116333,0.5054101943969727
sagittal,47,12391,0.0001,1,0.4979253113269806,0.8232043981552124,0.6968178749084473,0.6454017758369446
sagittal,47,12391,0.0001,2,0.6210235357284546,0.8176795840263367,0.6832863092422485,0.6329670548439026
sagittal,47,12391,0.0001,3,0.6639004349708557,0.8121547102928162,0.663919985294342,0.5645377039909363
sagittal,47,12391,0.0001,4,0.6901798248291016,0.8011049628257751,0.6360262632369995,0.5598644614219666
sagittal,47,12391,0.0001,5,0.7330567240715027,0.7127071619033813,0.600828230381012,0.6094856858253479
sagittal,47,12391,0.0001,6,0.7136929631233215,0.7348066568374634,0.5818024277687073,0.569745659828186
sagittal,47,12391,0.0001,7,0.7538036108016968,0.7348066568374634,0.5477812886238098,0.5624791979789734
sagittal,47,12391,0.0001,8,0.7551867365837097,0.7458563446998596,0.535742461681366,0.5355213284492493
sagittal,48,12392,0.0001,1,0.565698504447937,0.6795580387115479,0.6927254796028137,0.6750995516777039
sagittal,48,12392,0.0001,2,0.6044260263442993,0.5469613075256348,0.6637986302375793,0.6935769319534302
sagittal,48,12392,0.0001,3,0.6652835607528687,0.6298342347145081,0.6172255873680115,0.6542615294456482
sagittal,48,12392,0.0001,4,0.7372061014175415,0.6519337296485901,0.5846269130706787,0.6574602723121643
sagittal,48,12392,0.0001,5,0.7565698623657227,0.6906077265739441,0.5600989460945129,0.5997365713119507
sagittal,48,12392,0.0001,6,0.7579529881477356,0.6961326003074646,0.5419071316719055,0.6120296716690063
sagittal,48,12392,0.0001,7,0.7690179944038391,0.6961326003074646,0.5065650343894958,0.5811403393745422
sagittal,48,12392,0.0001,8,0.7759336233139038,0.7182320356369019,0.4948149621486664,0.545890212059021
sagittal,49,12393,0.0001,1,0.7219917178153992,0.37016573548316956,0.6913798451423645,0.7096549272537231
sagittal,49,12393,0.0001,2,0.6362379193305969,0.33701658248901367,0.6703808903694153,0.7372807264328003
sagittal,49,12393,0.0001,3,0.6459197998046875,0.4033149182796478,0.6410822868347168,0.7679426670074463
sagittal,49,12393,0.0001,4,0.6846473217010498,0.5027624368667603,0.6144019365310669,0.7443247437477112
sagittal,49,12393,0.0001,5,0.7344398498535156,0.541436493396759,0.5777302384376526,0.7321860790252686
sagittal,49,12393,0.0001,6,0.7358229756355286,0.6077347993850708,0.5639517903327942,0.7051061987876892
sagittal,49,12393,0.0001,7,0.748271107673645,0.580110490322113,0.5331941843032837,0.7289049625396729
sagittal,49,12393,0.0001,8,0.7690179944038391,0.5690608024597168,0.5179713368415833,0.7518463730812073
sagittal,50,12394,0.0001,1,0.7676348686218262,0.3480663001537323,0.690036416053772,0.7003148794174194
sagittal,50,12394,0.0001,2,0.6652835607528687,0.3480663001537323,0.6672780513763428,0.7171342372894287
sagittal,50,12394,0.0001,3,0.6542185544967651,0.5580110549926758,0.6459748148918152,0.696064829826355
sagittal,50,12394,0.0001,4,0.704011082649231,0.6519337296485901,0.6106522083282471,0.669857919216156
sagittal,50,12394,0.0001,5,0.7150760889053345,0.6740331649780273,0.5877622365951538,0.6531630158424377
sagittal,50,12394,0.0001,6,0.7551867365837097,0.6685082912445068,0.5601522326469421,0.6524736881256104
sagittal,50,12394,0.0001,7,0.7441217303276062,0.6850828528404236,0.5398218035697937,0.6320488452911377
sagittal,50,12394,0.0001,8,0.7690179944038391,0.6464088559150696,0.5294801592826843,0.6707192063331604
